,num_recs,user_count,n_trees,search_k,build_time,inference_time,MAP,precisionAt100,recallAt100,ndgcAt100,Custom Precision,Custom Recall
0,100,610,10,10,0.6847908496856691,0.075222015380859,0.000633044903523,0.005114754098360001,0.006640527747906,0.007698978094054,0.8622222222222221,0.007046185930111
1,100,610,10,16,0.452064990997314,0.208112239837646,0.0005985892798460001,0.0049508196721310006,0.0061833427140290005,0.007450515598285001,0.845520833333333,0.0059170492069150005
2,100,610,10,26,0.551836967468261,0.084227800369262,0.0006589266534760001,0.005475409836065001,0.007177918156324001,0.008190396261019,0.8541176470588231,0.007078257047383
3,100,610,10,42,0.564146995544433,0.148957014083862,0.000741860262589,0.005672131147540001,0.007808113864173001,0.008810636481649,0.8592696629213481,0.008460440450801
4,100,610,10,69,0.518309831619262,0.17788100242614702,0.0006699803620730001,0.005606557377049,0.007443891597825001,0.008407650878614,0.866666666666666,0.008135899161928
5,100,610,10,112,0.405345201492309,0.26724696159362704,0.0006644525872420001,0.006196721311475001,0.009559746625598001,0.009289742266107001,0.8469322344322341,0.009440010766731
6,100,610,10,183,0.5735642910003661,0.09946584701538001,0.0008064414161980001,0.006,0.009784077368874001,0.009389500366601002,0.8245941558441551,0.009117239680090001
7,100,610,10,297,0.6321551799774171,0.11273002624511701,0.000584803305696,0.005573770491803001,0.008993411378802,0.008465903646488,0.8211382113821131,0.008777941360472
8,100,610,10,483,0.558764934539794,0.12078404426574701,0.0005335391167410001,0.005934426229508001,0.009925894848562001,0.008742005863932001,0.8483122362869191,0.009591005832344
9,100,610,10,784,0.5596630573272701,0.139925003051757,0.0006494267938580001,0.006098360655737001,0.010124456879078,0.009301030239435001,0.850463458110516,0.009867430918226
10,100,610,10,1274,0.5805649757385251,0.169228076934814,0.000672286435319,0.0062295081967210005,0.010016964261924001,0.009457183776918001,0.9005331510594661,0.011118168304299
11,100,610,10,2069,0.5608000755310051,0.29105091094970703,0.0007219598065680001,0.005967213114754,0.00984587123754,0.009524393599216,0.8767350928641251,0.011152474848137
12,100,610,10,3359,0.564099788665771,0.24270105361938402,0.00071119066381,0.006426229508196,0.010738530168885001,0.010011654125137001,0.8639487660106211,0.01175461222171
13,100,610,10,5455,0.5616130828857421,0.34432220458984303,0.000616118859507,0.006491803278688001,0.010359137785068001,0.009651030509211001,0.8480519480519481,0.01098455510437
14,100,610,10,8858,0.584734916687011,0.48065996170043906,0.000608866548593,0.006426229508196,0.010695971607361,0.009710305643168,0.8612039775406111,0.011462243651698002
15,100,610,10,14384,0.568051099777221,0.7146940231323241,0.000556168702385,0.006131147540983001,0.010185749737165,0.009229417945752001,0.852982954545454,0.010810380431547001
16,100,610,10,23357,0.48920297622680603,1.110239028930664,0.000589221014315,0.006163934426229,0.010437918825954,0.009405943557723001,0.85541351010101,0.011070060599042001
17,100,610,10,37926,0.530411958694458,1.474241971969604,0.000583383898624,0.006098360655737001,0.010275465277791001,0.009313394633068,0.852541544477028,0.010898039605888001
18,100,610,10,61584,0.577005863189697,2.149669170379638,0.0005861408692260001,0.006131147540983001,0.010299573281648001,0.009347721621939,0.852541544477028,0.010923426759988001
19,100,610,10,100000,0.572212219238281,2.430773019790649,0.0005861408692260001,0.006131147540983001,0.010299573281648001,0.009347721621939,0.852541544477028,0.010923426759988001
20,100,610,16,10,0.555397987365722,0.088267087936401,0.000806070594676,0.0055081967213110004,0.007214925895972,0.008509611254952,0.8356209150326791,0.007689719344182001
21,100,610,16,16,0.5906968116760251,0.08922386169433501,0.000811573864422,0.005540983606557,0.0071985711539,0.008598184359142001,0.853234020881079,0.00774812270754
22,100,610,16,26,0.618086338043212,0.093312978744506,0.0008602599555170001,0.005672131147540001,0.007923880668743001,0.008986535180714001,0.8218100545686751,0.0071489518827900006
23,100,610,16,42,0.580507040023803,0.10156702995300201,0.0008700085591310001,0.0058688524590160005,0.008232448079985001,0.009205003082479,0.8370502780615131,0.007531698490784001
24,100,610,16,69,0.60756516456604,0.102585077285766,0.000855395581063,0.005934426229508001,0.008306859712650001,0.009225425936355001,0.8732042648709311,0.008024853882899
25,100,610,16,112,0.5597791671752931,0.10327410697937,0.0007857590879710001,0.006393442622950001,0.009031640341763,0.009665909455808001,0.825859788359788,0.008678599744083
26,100,610,16,183,0.6159837245941161,0.105954885482788,0.000781134548014,0.006622950819672,0.009824532176797001,0.009956488537318,0.8382488479262671,0.008910725257941001
27,100,610,16,297,0.565240621566772,0.112989902496337,0.0006036698660610001,0.006131147540983001,0.008240803152097001,0.008861655288679,0.8355975485188961,0.008470201255463
28,100,610,16,483,0.569978237152099,0.12733697891235302,0.0006656104868920001,0.005967213114754,0.008252202332848001,0.008875629067684,0.8534883720930231,0.008544818755490001
29,100,610,16,784,0.550181150436401,0.1525239944458,0.0007037948724970001,0.006032786885245001,0.009769511051846001,0.009419117088367,0.8513758272378961,0.009416459601013
30,100,610,16,1274,0.632102012634277,0.16988801956176702,0.0007056013629360001,0.006098360655737001,0.009642494706512001,0.009355223888328,0.8382920110192831,0.01005026900932
31,100,610,16,2069,0.570681095123291,0.200750112533569,0.0007779833663670001,0.006098360655737001,0.01033786240064,0.009811581936631,0.860306921542876,0.010972745059489001
32,100,610,16,3359,0.572156906127929,0.25200891494750904,0.0008317255785580001,0.006393442622950001,0.010783435262672001,0.010345046142785001,0.853540669856459,0.011287103047817
33,100,610,16,5455,0.5524711608886711,0.33564281463623,0.000713775996974,0.006426229508196,0.010754913643593001,0.01003622937869,0.836823877876509,0.011172911630474
34,100,610,16,8858,0.5940279960632321,0.45536518096923806,0.000642151005466,0.006360655737704,0.01031367665,0.009689396243146001,0.8295845048422361,0.010702392532706
35,100,610,16,14384,0.557776927947998,0.6722331047058101,0.000609134131522,0.006295081967213001,0.010547975104288001,0.009608911842780002,0.854371843434343,0.011177008314363001
36,100,610,16,23357,0.573462963104248,0.957176923751831,0.0005933262678570001,0.006163934426229,0.010406871085840002,0.009418757260222,0.853891547049441,0.011037021280741001
37,100,610,16,37926,0.611169815063476,1.477811336517334,0.00058778832085,0.0062295081967210005,0.010469881451492,0.009443210672138,0.8588857323232321,0.011123303909643
38,100,610,16,61584,0.573895931243896,2.122730016708374,0.00058679851918,0.006163934426229,0.010318525238437001,0.009372220997025001,0.854333659172368,0.010959299912520001
39,100,610,16,100000,0.577077865600585,3.16216230392456,0.0005861408692260001,0.006131147540983001,0.010299573281648001,0.009347721621939,0.852541544477028,0.010923426759988001
40,100,610,26,10,0.5947880744934081,0.09687995910644501,0.00033606023927400003,0.004721311475409,0.0055557455254280005,0.006503020881674,0.8390775890775891,0.005948929454453001
41,100,610,26,16,0.6386480331420891,0.10246562957763601,0.00033482112796500004,0.004688524590163,0.0054950290712690005,0.006460288043126001,0.836960188933873,0.0058643056074530004
42,100,610,26,26,0.646289825439453,0.09347605705261201,0.000336870308292,0.004721311475409,0.005699947104056,0.006540934609058,0.8390775890775891,0.006070576234516001
43,100,610,26,42,0.6142227649688721,0.09355306625366201,0.00031050730376200005,0.0045901639344260005,0.005503550614667001,0.006342169681555001,0.8466745375836281,0.005682756255689
44,100,610,26,69,0.7016828060150141,0.172519207000732,0.00029573037941600004,0.004688524590163,0.005610912131316001,0.006375879126316,0.869620253164556,0.005919183445454001
45,100,610,26,112,0.678436040878295,0.11112022399902301,0.000504128279844,0.005245901639344,0.006649537467758,0.007497543646017001,0.8662698412698411,0.007030386781344
46,100,610,26,183,0.6075060367584221,0.113736152648925,0.0005689912595190001,0.005967213114754,0.0077489238067620005,0.008578524181367,0.8577881152460981,0.007830985018324
47,100,610,26,297,0.48733115196228005,0.244546890258789,0.000676480962163,0.005803278688524,0.007457198876139001,0.008286583201981,0.8966046002190581,0.008290470650093001
48,100,610,26,483,0.661482095718383,0.14468407630920402,0.0005292704031060001,0.006032786885245001,0.008518713926833,0.008601991614452001,0.8876827094474151,0.009221822152871
49,100,610,26,784,0.6543941497802731,0.149322986602783,0.000646471555098,0.005967213114754,0.010155039744918,0.009369858044527,0.8536963036963031,0.010605007249731001
50,100,610,26,1274,0.5680801868438721,0.263507843017578,0.000617101833576,0.0063278688524590005,0.010180438858225001,0.009551488108209001,0.8516077441077441,0.010637903946488001
51,100,610,26,2069,0.5979731082916261,0.22156000137329102,0.000691517853291,0.005836065573770001,0.009720757570424001,0.009294704687609,0.8557819575060951,0.010234072352667
52,100,610,26,3359,0.616148948669433,0.260092973709106,0.0007068856585480001,0.006032786885245001,0.009569861174024,0.009469382607391,0.833909749670619,0.009812542685013
53,100,610,26,5455,0.61667799949646,0.328056812286376,0.000755928300572,0.0062295081967210005,0.011070323187445,0.010095746938704001,0.8319760101010101,0.011426936193502001
54,100,610,26,8858,0.57276177406311,0.47231698036193803,0.000653080373943,0.006196721311475001,0.010462489957236,0.009622216341406,0.838979266347687,0.011043149102431002
55,100,610,26,14384,0.5852091312408441,0.639806032180786,0.000616602055141,0.0063278688524590005,0.010364806311764,0.009582728430513,0.858622305529522,0.010993778308280001
56,100,610,26,23357,0.671940803527832,0.9416749477386471,0.000601143155327,0.0062295081967210005,0.010447703638526,0.009496292379601002,0.8528389154704941,0.011083493173790001
57,100,610,26,37926,0.601558923721313,1.385695934295654,0.000592531170159,0.0062295081967210005,0.010469881451492,0.009466058590433,0.8588857323232321,0.011123303909643
58,100,610,26,61584,0.605010032653808,2.081316947937011,0.000584230507004,0.006131147540983001,0.0103255548684,0.009339445210681,0.855883301096067,0.01096455648074
59,100,610,26,100000,0.618795871734619,3.138957023620605,0.000586196418377,0.006131147540983001,0.010299573281648001,0.009348272597183,0.852541544477028,0.010923426759988001
60,100,610,42,10,0.7246599197387691,0.102019071578979,0.00036878640473100003,0.004688524590163,0.0058138940215110005,0.006751777730496,0.8359130706691681,0.005633997198281
61,100,610,42,16,0.65912389755249,0.113891124725341,0.00037073171083500003,0.004655737704918001,0.00577246556769,0.006764503195854,0.8363029247175581,0.005597321018243001
62,100,610,42,26,0.675639152526855,0.10748100280761701,0.000375198409711,0.004786885245901,0.006232487267973001,0.006949380813082001,0.841704374057315,0.006085828095656
63,100,610,42,42,0.666553020477294,0.11579704284667901,0.000403994192966,0.004918032786885,0.006594321207377,0.007253879705261,0.834226819691935,0.006034573390097
64,100,610,42,69,0.737531185150146,0.110376834869384,0.00042296925665,0.005344262295081,0.006848065674505001,0.007622870132666001,0.8576359537898001,0.0068005972659560005
65,100,610,42,112,0.670939207077026,0.117061138153076,0.000466488691421,0.005672131147540001,0.007619904975779,0.008057681550919,0.8369913600891861,0.007014316578899
66,100,610,42,183,0.670383930206298,0.11509084701538001,0.00045785968453100005,0.005540983606557,0.007603407160608,0.007923015921454,0.817241379310344,0.0066747195914700005
67,100,610,42,297,0.646608114242553,0.15277409553527802,0.00046759102275200005,0.005737704918032001,0.008243531734275,0.008199008971999001,0.834549825174825,0.006914486637398001
68,100,610,42,483,0.7110159397125241,0.140656948089599,0.000600335650629,0.006032786885245001,0.008707516150233,0.008694507657375,0.8378259337561661,0.007529897190788001
69,100,610,42,784,0.6482529640197751,0.17112183570861803,0.000612192312409,0.0058688524590160005,0.009285860527273001,0.008906556340630001,0.8656238859180031,0.009042099732364
70,100,610,42,1274,0.658810138702392,0.19948410987854,0.0006726895147420001,0.006393442622950001,0.009576517338104001,0.009596701530291001,0.879389657961086,0.010278064719580001
71,100,610,42,2069,0.7040109634399411,0.231164932250976,0.000694465929434,0.006032786885245001,0.009566450482556001,0.009397530054938001,0.8668904958677681,0.010100312012127001
72,100,610,42,3359,0.709869146347045,0.278204917907714,0.0006271788148030001,0.0063278688524590005,0.009656207391816002,0.009474679757754,0.8474449463579891,0.010189860816685001
73,100,610,42,5455,0.717553853988647,0.34868192672729403,0.0006704085017240001,0.0063278688524590005,0.009990156090565,0.009740924393983,0.841876208897485,0.010502980942949
74,100,610,42,8858,0.708417177200317,0.455560207366943,0.0006581365103410001,0.006295081967213001,0.010139559565033,0.009705928020769,0.840581068416119,0.010726205763047001
75,100,610,42,14384,0.6888718605041501,0.6536850929260251,0.0006432549094030001,0.0063278688524590005,0.010164778937176001,0.009646730444368,0.8414401749453291,0.010765365753180002
76,100,610,42,23357,0.6891908645629881,0.8986518383026121,0.000599541652848,0.0062295081967210005,0.010318429374356002,0.0094599935537,0.8528389154704941,0.010931555933781001
77,100,610,42,37926,0.697258949279785,1.351279020309448,0.0005954238943020001,0.006163934426229,0.010388151791379,0.009433415573177001,0.853891547049441,0.011031402400499001
78,100,610,42,61584,0.675633192062377,2.101241111755371,0.0005860944240150001,0.006163934426229,0.010332315050925,0.009378624946418002,0.855883301096067,0.010972178490054002
79,100,610,42,100000,0.801027059555053,3.105315923690796,0.0005857028835430001,0.006131147540983001,0.010309206541746,0.009346742174282,0.8541102514506771,0.010932993969595
80,100,610,69,10,0.7668349742889401,0.16618514060974102,0.000401457957735,0.005147540983606,0.006107682674804001,0.007451421059168001,0.8654665118079751,0.0060956403597450005
81,100,610,69,16,0.734349012374877,0.20339417457580503,0.00039062553993900005,0.004918032786885,0.006079670485478,0.007105297468631,0.865853658536585,0.006063877537429
82,100,610,69,26,0.721351861953735,0.199263095855712,0.00039154788213900004,0.004885245901639,0.006032582000096,0.007128355131507001,0.8607369996258881,0.0060058117945
83,100,610,69,42,0.8002490997314451,0.217377185821533,0.000402069679238,0.0050491803278680004,0.006246187155054,0.007378162580646001,0.8651761517615171,0.006234885618005
84,100,610,69,69,0.786307096481323,0.13431501388549802,0.00043281086669900006,0.005311475409836001,0.0066928495808710005,0.0076974297618170005,0.8780332056194121,0.006747101415846
85,100,610,69,112,0.7878751754760741,0.13699769973754802,0.000421467688029,0.005934426229508001,0.008334674547153,0.008321047829673,0.8908424908424901,0.008212969517262001
86,100,610,69,183,0.7620599269866941,0.164898872375488,0.00044618847385700006,0.005737704918032001,0.008582337986013001,0.008263411349822001,0.875,0.007614217458279
87,100,610,69,297,0.838782787322998,0.14542818069458002,0.000569935246572,0.006065573770491,0.008933375470336001,0.008767398263027,0.873941562313655,0.008302243098358001
88,100,610,69,483,0.806348800659179,0.18122315406799303,0.00046679722940700004,0.006295081967213001,0.009221202694150001,0.008793324066546001,0.9063348539154991,0.009943116248147001
89,100,610,69,784,0.7819159030914301,0.21743798255920402,0.000596735311313,0.006295081967213001,0.008475301831676,0.008947527903991,0.8770003404834861,0.009092201694084001
90,100,610,69,1274,0.758019924163818,0.302374839782714,0.0006305525532210001,0.006098360655737001,0.009666522265823001,0.009272187379884,0.9020256916996041,0.010158641936329
91,100,610,69,2069,0.798493862152099,0.33161282539367604,0.0006556652019550001,0.006098360655737001,0.008974275995017001,0.009195817466653001,0.8893763213530651,0.009943754428179
92,100,610,69,3359,0.8003911972045891,0.319244146347045,0.000676282263779,0.006196721311475001,0.008965862845449,0.009345765578077,0.8694561992314801,0.009672792171665001
93,100,610,69,5455,0.8141207695007321,0.39085292816162104,0.000598214852311,0.006262295081967,0.009453719966317001,0.009324071113264,0.853386398547688,0.009998716629566001
94,100,610,69,8858,0.735863924026489,0.5555181503295891,0.0006330112966630001,0.0062295081967210005,0.00987212034308,0.009518915289932001,0.8534010315925201,0.010621285613679001
95,100,610,69,14384,0.860531091690063,0.628453254699707,0.0006353295386980001,0.006360655737704,0.010226391475425001,0.009674903795863,0.8464594928880641,0.010830084804923
96,100,610,69,23357,0.751553058624267,0.9565908908843991,0.000623947128863,0.006262295081967,0.010117199013704,0.009539856309832001,0.8526357323232321,0.010697811972254001
97,100,610,69,37926,0.8236362934112541,1.310876131057739,0.000595666725113,0.006262295081967,0.010298826458343001,0.009446347186259,0.852541544477028,0.010934222163568002
98,100,610,69,61584,0.8094370365142821,2.020001173019409,0.000591442246616,0.006196721311475001,0.010350172568558,0.009428099521602,0.8541102514506771,0.010987817495400001
99,100,610,69,100000,0.795884132385253,3.067034959793091,0.0005854952238250001,0.006163934426229,0.010320123276660001,0.009374193037608001,0.8541102514506771,0.010943927346836
100,100,610,112,10,0.989387035369873,0.141303062438964,0.000436355041245,0.0042295081967210005,0.005585765455984,0.006620353446124,0.845890410958904,0.005444071745900001
101,100,610,112,16,0.9301090240478511,0.17306685447692802,0.00043734642771100005,0.0042295081967210005,0.005630689793942,0.006629556937193,0.847972972972973,0.005496311829369001
102,100,610,112,26,1.014307975769043,0.14788007736206002,0.00043681025693800005,0.004032786885245001,0.005618223628865,0.0064772846655010005,0.8398412698412691,0.0054698378749900006
103,100,610,112,42,0.9477849006652831,0.156935930252075,0.00044262764646900004,0.004327868852459,0.00568978770174,0.0067444614641970005,0.85,0.005559917943422
104,100,610,112,69,0.9554610252380371,0.16912317276000902,0.00044673907569100005,0.004983606557377,0.006510799531167,0.007465385867554001,0.856623931623931,0.006457844788472
105,100,610,112,112,0.914840936660766,0.23471999168395902,0.00041820244082600006,0.005180327868852,0.0066982014629270005,0.007544196246562,0.874553571428571,0.006658320410651001
106,100,610,112,183,0.9561328887939451,0.23959279060363703,0.000417183772211,0.005704918032786,0.007241576193607001,0.007982484967964,0.896664777021919,0.007280344307261001
107,100,610,112,297,0.9955790042877191,0.188142776489257,0.00045363807854100006,0.006196721311475001,0.008435775522406,0.008604703654711,0.8874666999667,0.008468178349623
108,100,610,112,483,0.9212491512298581,0.21022629737854,0.00042051823260300005,0.006262295081967,0.008655330697677,0.008559720797769,0.8979008171315861,0.008709890594572
109,100,610,112,784,0.9445660114288331,0.22518396377563402,0.000593582222874,0.006524590163934,0.009836704466729001,0.009506244565796,0.8965063331729991,0.01012046430682
110,100,610,112,1274,1.015162229537963,0.29575181007385204,0.000720865712079,0.0063278688524590005,0.010046029206603,0.009800399472514001,0.915345181134654,0.010871371177494002
111,100,610,112,2069,0.9544661045074461,0.31892418861389105,0.0006843382057400001,0.006196721311475001,0.009922475944821001,0.009580769027364001,0.8734542631281761,0.010142940857289002
112,100,610,112,3359,0.9253940582275391,0.447774171829223,0.000667745815173,0.006360655737704,0.009856884686058,0.009611328586855001,0.86290614147757,0.010552736926828002
113,100,610,112,5455,0.9533948898315431,0.439275026321411,0.00067335680529,0.0063278688524590005,0.009557128947674002,0.009514928967407,0.854872482589873,0.010300940384237001
114,100,610,112,8858,1.028256177902221,0.5231223106384271,0.000652334711713,0.006295081967213001,0.009847436206898002,0.00961156443058,0.857833655705996,0.010630831338686001
115,100,610,112,14384,0.9395449161529541,0.690589904785156,0.000624646673454,0.006196721311475001,0.009758014294883,0.009433842504464001,0.8540669856459321,0.010501134652427
116,100,610,112,23357,0.8513829708099361,1.019985914230346,0.0006264888421980001,0.006196721311475001,0.010115583430488,0.009516118640203,0.841698232323232,0.010702107066328001
117,100,610,112,37926,0.9172699451446531,1.316358089447021,0.0006163511399470001,0.006196721311475001,0.010224127982956,0.009513329324515,0.853677398989899,0.010812645117493
118,100,610,112,61584,0.9698851108551021,2.01161789894104,0.000592037402677,0.006295081967213001,0.010370466064063001,0.009473891351156,0.8541102514506771,0.011008586469183
119,100,610,112,100000,0.9571597576141351,3.018691062927246,0.000588889545956,0.006196721311475001,0.010350172568558,0.009410757607902,0.8541102514506771,0.010987817495400001
120,100,610,183,10,1.214171886444091,0.181548118591308,0.00043080795752900006,0.004491803278688001,0.006590597703630001,0.007146542876394,0.8376068376068371,0.006615389418408
121,100,610,183,16,1.2356898784637451,0.16776013374328602,0.00043123397406600006,0.00455737704918,0.006652246536342001,0.007183500808672001,0.8371308016877631,0.006683712246054001
122,100,610,183,26,1.192065954208374,0.198414087295532,0.00043533375797700005,0.00455737704918,0.006659941513067,0.007244139987471001,0.8416666666666661,0.006695345093684001
123,100,610,183,42,1.174474954605102,0.207676887512207,0.000434253024273,0.0045901639344260005,0.0066703608375820005,0.007239277625824001,0.8391666666666661,0.006704733456456001
124,100,610,183,69,1.1692860126495361,0.212504148483276,0.000422930329329,0.005344262295081,0.007577114658618001,0.007919111671576001,0.8508928571428571,0.007712589162374
125,100,610,183,112,1.213813304901123,0.22021102905273401,0.00044093433797800006,0.005803278688524,0.007498017904512001,0.008280215071799001,0.8627486437613011,0.00763562963151
126,100,610,183,183,1.183162689208984,0.22947096824645902,0.00046498389406200003,0.005999999999999,0.007794108575273,0.008465943024354,0.8714434523809521,0.008136570740984
127,100,610,183,297,1.164549112319946,0.250022172927856,0.00040361709296400005,0.005901639344262,0.007184386912920001,0.007969582466139,0.890736478711162,0.007535580774947001
128,100,610,183,483,1.182611227035522,0.273170948028564,0.00042499783801,0.0063278688524590005,0.008584731814634,0.008654535418502,0.884517589690003,0.008472863654166001
129,100,610,183,784,1.259818077087402,0.33837819099426203,0.000404996136171,0.006426229508196,0.008459620715557,0.008527699955061,0.89610472541507,0.008020999389675001
130,100,610,183,1274,1.198668956756591,0.31744980812072704,0.0006668649328270001,0.0063278688524590005,0.009515173749131,0.009469154301767,0.8964483545128701,0.009772711985092001
131,100,610,183,2069,1.219697952270507,0.34945011138916005,0.000674181283634,0.006459016393442001,0.009836800579052,0.009677284277859001,0.8970995670995671,0.010424255604642
132,100,610,183,3359,1.204138994216919,0.40826392173767,0.000574267684078,0.0063278688524590005,0.010252374376477,0.009402964725742001,0.8641902899967411,0.010585963059174001
133,100,610,183,5455,1.266608238220214,0.5061042308807371,0.0006159826254320001,0.0063278688524590005,0.009638566113562001,0.009438452010918,0.866878462039752,0.010491020439056
134,100,610,183,8858,1.212038993835449,0.6166031360626221,0.000647975128413,0.0063278688524590005,0.00983949138076,0.009617898101944002,0.84792663476874,0.010450034441390001
135,100,610,183,14384,1.214662075042724,0.759836912155151,0.0006371070907450001,0.006360655737704,0.010189560628512001,0.009687114219979,0.849515776319899,0.010828590493852
136,100,610,183,23357,1.177677869796753,1.010839700698852,0.00063020211879,0.006262295081967,0.010158102347005002,0.009585104947454001,0.8469065656565651,0.010797070564619001
137,100,610,183,37926,1.257863998413086,1.3475227355957031,0.000618055491595,0.0062295081967210005,0.010199518763658,0.00952019410395,0.85541351010101,0.010838327491432001
138,100,610,183,61584,1.219161033630371,1.967674970626831,0.0006151252031370001,0.006262295081967,0.010397687347089,0.009570595509616,0.85541351010101,0.011007430383940002
139,100,610,183,100000,1.217182874679565,3.006456136703491,0.000584932333002,0.006196721311475001,0.010285080958144,0.009374671237693,0.8541102514506771,0.010925518755404
140,100,610,297,10,1.5697636604309082,0.24777913093566803,0.00042834221842500005,0.0049508196721310006,0.006803451754330001,0.007520589208148001,0.8689302665206281,0.006896364752861
141,100,610,297,16,1.622889041900634,0.244485139846801,0.00041801017722900005,0.0045901639344260005,0.006808865254739001,0.0071075024643160005,0.870606575963718,0.0069144695546710004
142,100,610,297,26,1.541310310363769,0.29367089271545405,0.00041892796524300004,0.004721311475409,0.0068203639029610005,0.007186448194453,0.8686696900982611,0.00691737503435
143,100,610,297,42,1.556045055389404,0.252116441726684,0.00042502498151000004,0.005016393442622001,0.006854470308876001,0.007479971775947,0.8722388722388721,0.006962205097456001
144,100,610,297,69,1.564889192581176,0.245773077011108,0.000422608004077,0.005344262295081,0.006926738496140001,0.007618017380820001,0.864244858220761,0.007045837699213001
145,100,610,297,112,1.5521748065948482,0.312278985977172,0.00047881165481400005,0.005934426229508001,0.007456591094834,0.008473034804419001,0.8655850754936121,0.0077616420006700005
146,100,610,297,183,1.554649829864502,0.276962041854858,0.000473971155472,0.006360655737704,0.008259144817706001,0.0088919339043,0.901275510204081,0.008535365890616
147,100,610,297,297,1.6133508682250972,0.27892136573791504,0.00038057824722100003,0.006,0.007236507148343001,0.007943824455774,0.905510241790729,0.0075157226264930006
148,100,610,297,483,1.644299983978271,0.8131220340728761,0.00041025235683200004,0.005934426229508001,0.008047463783226001,0.008208580176997,0.911246392496392,0.008054304338637
149,100,610,297,784,1.404782056808471,0.303966999053955,0.00039449658069800003,0.006295081967213001,0.008492688897913001,0.008465930169235001,0.896144781144781,0.008392448755615001
150,100,610,297,1274,1.403261184692382,0.34989166259765603,0.000457488962561,0.006196721311475001,0.008344320570198,0.008550439968811,0.9102617079889801,0.008547077103262002
151,100,610,297,2069,1.425035953521728,0.400510787963867,0.000662382849386,0.0063278688524590005,0.009767919724730002,0.009466097564265,0.8724880382775121,0.009477292140421001
152,100,610,297,3359,1.6020371913909912,0.5129573345184321,0.000651892058659,0.006524590163934,0.01034700753723,0.009770712911337001,0.8633302724211811,0.010764760741779001
153,100,610,297,5455,1.400335788726806,0.5705437660217281,0.0005583930103850001,0.006262295081967,0.009835354088509001,0.009227032121114,0.8579178885630491,0.010434143383583
154,100,610,297,8858,1.521538019180297,0.7655730247497551,0.0005841042820590001,0.006360655737704,0.009914376191482001,0.009444682591965,0.852780381130896,0.010281739309852002
155,100,610,297,14384,1.552939891815185,0.9413068294525141,0.000633198719441,0.006360655737704,0.010117685169886,0.009641873105420001,0.8469065656565651,0.010716109647172001
156,100,610,297,23357,1.593116283416748,1.159252166748046,0.000627389866874,0.0062295081967210005,0.010323839812536002,0.009606392315673,0.855821371610845,0.010972330774689001
157,100,610,297,37926,1.583193063735962,1.50621485710144,0.0006186087049840001,0.006295081967213001,0.010391223944529002,0.009626021501085,0.8581912878787871,0.011037521702768002
158,100,610,297,61584,1.523608922958374,2.077224016189575,0.0006109594878370001,0.006196721311475001,0.010305302172887,0.009513782294050002,0.8556459330143541,0.010933554316782002
159,100,610,297,100000,1.559206008911132,3.026976108551025,0.0006067576919880001,0.006262295081967,0.010497501155363001,0.009589125106079,0.857149621212121,0.011127269340458
160,100,610,483,10,2.254411935806274,0.321737051010131,0.00044892970010400004,0.004721311475409,0.006968668795870001,0.007261539918782,0.8640692640692641,0.007042670472233001
161,100,610,483,16,2.176754951477051,0.287972211837768,0.00044414675146400005,0.0045901639344260005,0.006953912085702001,0.007054665368761001,0.8683261183261181,0.007038137051858
162,100,610,483,26,2.165211915969848,0.331552028656005,0.00044464533351100004,0.004491803278688001,0.006941512698874001,0.007021395605311001,0.8612468671679191,0.007014908049957001
163,100,610,483,42,2.177134990692138,0.319529771804809,0.000449256079002,0.004655737704918001,0.006960006302290001,0.0072164612159130006,0.8650728059818961,0.007037604031523001
164,100,610,483,69,2.20305585861206,0.322385787963867,0.00045690146194300003,0.005081967213114,0.007241611489451001,0.007517592421342,0.8709563994374121,0.007367792457800001
165,100,610,483,112,2.1950900554656982,0.343255996704101,0.00047108751303600005,0.005540983606557,0.008230362626708001,0.008211076391311,0.8889739229024941,0.008751246452312001
166,100,610,483,183,2.144715070724487,0.373764991760253,0.00041631425042400004,0.005672131147540001,0.007662622864709001,0.008003571328852,0.8646317674095451,0.007730159230390001
167,100,610,483,297,2.20986008644104,0.577402830123901,0.00042148121828000006,0.005573770491803001,0.007436906151552,0.007888164295618,0.8658658008658001,0.007453142434505001
168,100,610,483,483,2.129613161087036,0.47240018844604403,0.00039133281822300003,0.005901639344262,0.007350556103621001,0.007954868007535,0.8882795188350741,0.007623289437937001
169,100,610,483,784,2.287643194198608,0.42817997932434004,0.00043485817283500004,0.005803278688524,0.008087821165748,0.008205985683503001,0.9063101604278071,0.00850709467317
170,100,610,483,1274,2.218001127243042,0.5000450611114501,0.000461765253957,0.0062295081967210005,0.008679538521076,0.008699126473921001,0.9076416337285901,0.008891895739608
171,100,610,483,2069,2.218344926834106,0.5883746147155761,0.0005750816631840001,0.006163934426229,0.008848156996823,0.00893729525574,0.898367003367003,0.008901786107713
172,100,610,483,3359,2.161842823028564,0.669993877410888,0.000646767402662,0.006163934426229,0.009644462747581,0.009335847825176,0.865086347344411,0.009490707562072001
173,100,610,483,5455,2.164042949676513,0.7734713554382321,0.000627555412911,0.006557377049180001,0.010137597319680001,0.009704922618178001,0.866017316017316,0.01064098713452
174,100,610,483,8858,2.177465915679931,0.928929090499877,0.0006116925781970001,0.006098360655737001,0.009702802873092001,0.009300741124184001,0.853146853146853,0.010224045924473001
175,100,610,483,14384,2.252450942993164,1.144474744796753,0.0006230659207220001,0.0062295081967210005,0.010110581970335,0.009525023786519001,0.8514354066985641,0.010745580400890001
176,100,610,483,23357,2.161153078079223,1.375262975692749,0.0006182054594210001,0.0062295081967210005,0.010046413998243001,0.009491571713399,0.839344532279314,0.010662045193149
177,100,610,483,37926,2.157958745956421,1.754689931869506,0.000613658550719,0.0062295081967210005,0.010251160986922001,0.009527195701828,0.8560606060606051,0.010906027383418001
178,100,610,483,61584,2.177145957946777,2.281097173690796,0.000608323763257,0.006196721311475001,0.010242286916562001,0.009488010976474,0.855883301096067,0.010882576678972002
179,100,610,483,100000,2.202202081680298,3.231067180633545,0.0006061799060290001,0.006163934426229,0.01017671314607,0.009437948162883,0.854333659172368,0.010815223004830002
180,100,610,784,10,3.200401067733764,0.44595122337341303,0.0004957731338860001,0.004688524590163,0.007192289860727,0.007497296747397001,0.892226971340895,0.007253756706359001
181,100,610,784,16,3.175471067428589,0.441575050354003,0.0005062431915750001,0.005016393442622001,0.007227207712697001,0.007795532702235001,0.891169460880999,0.007286797067658001
182,100,610,784,26,3.205881118774414,0.441104888916015,0.0005019492243770001,0.004852459016393001,0.007211972171226001,0.007626635810451,0.8944978632478631,0.007282796667618
183,100,610,784,42,3.25785493850708,0.45174765586853005,0.00049500227217,0.0045901639344260005,0.007217376602860001,0.007384466732324,0.892916666666666,0.007285994362359001
184,100,610,784,69,3.228336095809936,0.46904706954956005,0.0004972214316230001,0.004754098360655001,0.007319582167500001,0.007479427602037,0.87880658436214,0.007362540327718
185,100,610,784,112,3.194211006164551,0.491179943084716,0.00047412720630400006,0.005672131147540001,0.007517985540445001,0.00811870196942,0.889877602072723,0.007978923851682
186,100,610,784,183,3.243648052215576,0.499176979064941,0.000420484663653,0.0054098360655730005,0.0067357715266920005,0.007601158875638001,0.868866847438275,0.007125529618877
187,100,610,784,297,3.245114088058471,0.514194965362548,0.000412700921067,0.005606557377049,0.007264078163182,0.007785879039427001,0.8770170454545451,0.007623493683868001
188,100,610,784,483,3.26496410369873,0.6228899955749511,0.000435317701336,0.005672131147540001,0.007762154732045,0.008091050147481,0.880408615774469,0.007991442138884001
189,100,610,784,784,3.214698076248169,0.6380679607391351,0.00041142100401700003,0.0058688524590160005,0.007699352275123,0.0081169476789,0.895867768595041,0.007972973098775
190,100,610,784,1274,3.170612096786499,0.724561929702758,0.00035889565246600004,0.0058688524590160005,0.008174485818815,0.008020987375822,0.8841164453524001,0.008323093061189
191,100,610,784,2069,3.231750249862671,0.746359825134277,0.000459164900145,0.005967213114754,0.008820740118432,0.008562026458832,0.872560772560772,0.008958962388379
192,100,610,784,3359,3.211318969726562,0.8681788444519041,0.000537297051789,0.006163934426229,0.008821514602398,0.008864513912451001,0.8666999666999661,0.008743814061126001
193,100,610,784,5455,3.278134107589721,0.9984829425811761,0.000651726314746,0.006196721311475001,0.009567867343179002,0.009428231446603002,0.862218963831867,0.010052500457669
194,100,610,784,8858,3.24027419090271,1.212475061416626,0.000623868645876,0.006131147540983001,0.009253246176651,0.009211792511896001,0.8547430830039521,0.009846536518873001
195,100,610,784,14384,3.18791389465332,1.4644608497619631,0.0006174059886560001,0.006098360655737001,0.009726129972327,0.009318162302232001,0.844905094905094,0.010363123125068001
196,100,610,784,23357,3.168814897537231,1.7310490608215332,0.000611189228371,0.006163934426229,0.010144897742817,0.009454529990484,0.849681020733652,0.010797816494278
197,100,610,784,37926,3.160583972930908,2.140108823776245,0.0006083024641410001,0.0062295081967210005,0.010123091298396001,0.009471069910223002,0.85517408123791,0.010752357854121
198,100,610,784,61584,3.196321964263916,2.720268011093139,0.000608469094712,0.006196721311475001,0.010280924405755001,0.009490064813954,0.8541102514506771,0.010922207387478
199,100,610,784,100000,2.998506784439087,3.519579172134399,0.0006086900585150001,0.006262295081967,0.010318043078360001,0.009530814096965,0.855883301096067,0.010964964699647
200,100,610,1274,10,4.880293130874634,0.637820243835449,0.000453303055775,0.004786885245901,0.0064343868612140006,0.007148036196285,0.869282581453634,0.006527891050015001
201,100,610,1274,16,4.8882999420166025,0.6349627971649171,0.000453303055775,0.004786885245901,0.0064343868612140006,0.007148036196285,0.869282581453634,0.006527891050015001
202,100,610,1274,26,4.866962909698486,0.6319501399993891,0.000457714208322,0.004918032786885,0.006445719202060001,0.007287826965227001,0.8654689608636971,0.006530292389050001
203,100,610,1274,42,4.864077091217041,0.687592983245849,0.000464990071363,0.005114754098360001,0.006503366472822,0.007507766094504001,0.8698135198135191,0.006594263987675
204,100,610,1274,69,4.831222057342529,0.653444766998291,0.000460906790911,0.005180327868852,0.006727064447531001,0.007487977017422,0.8622767857142851,0.0067501058265620004
205,100,610,1274,112,4.854673147201538,0.6990919113159181,0.000451902671757,0.0055081967213110004,0.006597222418011001,0.007695992905981001,0.8832474110251881,0.006919367708103001
206,100,610,1274,183,4.930735111236572,0.7500450611114501,0.000437631233087,0.0057704918032780005,0.007275708928511,0.007966965094743001,0.884561117894451,0.007532429236058001
207,100,610,1274,297,4.736224174499512,0.6978850364685051,0.000552617176798,0.005704918032786,0.007680730544535001,0.008288853198290001,0.9212851405622491,0.008450323230258001
208,100,610,1274,483,4.803287029266357,0.823807001113891,0.000526386779635,0.006262295081967,0.008044363988236,0.008656821668857001,0.9022765469824291,0.008625225447065
209,100,610,1274,784,4.914715051651001,0.8821558952331541,0.000508605779171,0.006032786885245001,0.008512649956072,0.008657187963692001,0.884634387351778,0.009081015159228
210,100,610,1274,1274,4.934502840042114,0.9795656204223631,0.00047023922748900003,0.0058688524590160005,0.0085300759637,0.00845248134089,0.8879966329966321,0.008898270655328
211,100,610,1274,2069,4.856148958206177,1.08719801902771,0.000451811360376,0.0058688524590160005,0.008772161365163001,0.008455669778091,0.865165945165945,0.008690274320754001
212,100,610,1274,3359,4.820531129837036,1.208388805389404,0.0005720801386860001,0.006131147540983001,0.009741108770232002,0.009209828557588002,0.8659150373436081,0.009600648924873001
213,100,610,1274,5455,4.901376962661743,1.3861768245697021,0.000574615249454,0.006163934426229,0.009217024736402001,0.009109493427196,0.858185111989459,0.009725538785544
214,100,610,1274,8858,4.829874038696289,1.598666906356811,0.0006264465695790001,0.006098360655737001,0.008952038964039,0.009135865951509,0.855286561264822,0.009358055852444001
215,100,610,1274,14384,4.86668586730957,1.878913164138794,0.0006120950141710001,0.006131147540983001,0.009381430200724001,0.009224688083542001,0.8563049853372431,0.010058499916736002
216,100,610,1274,23357,4.86653208732605,2.241544008255005,0.000608031733805,0.006098360655737001,0.009769287789726001,0.009300770035496,0.8538372859025031,0.01043102491067
217,100,610,1274,37926,4.836449861526489,2.6651556491851798,0.000601409758518,0.006098360655737001,0.010027572615541,0.009355061798691,0.8541102514506771,0.010653546690953001
218,100,610,1274,61584,4.796231985092163,3.406116962432861,0.000606206754943,0.006163934426229,0.010029856765584001,0.009390900186008001,0.852541544477028,0.010652468875166
219,100,610,1274,100000,4.833775043487549,4.300893306732178,0.000607233813247,0.006196721311475001,0.010264048803055,0.009470945375933001,0.8541102514506771,0.010906340416166001
220,100,610,2069,10,7.611025333404541,0.885416984558105,0.0005090954168030001,0.004852459016393001,0.007738898907611,0.007814840665814001,0.900892857142857,0.007967807893375001
221,100,610,2069,16,7.626870155334473,0.9364831447601311,0.0005096739382220001,0.0049508196721310006,0.007744615863173001,0.007885273070828001,0.8986416361416361,0.007969676212075
222,100,610,2069,26,7.550367832183838,0.9298460483551021,0.000512420442992,0.005114754098360001,0.007764987958626001,0.008042798161536,0.8962301587301581,0.007976874734125
223,100,610,2069,42,7.578359127044678,0.9399521350860591,0.000514749697801,0.004983606557377,0.007883392392269,0.007960575952524,0.8973837209302321,0.008110738853138
224,100,610,2069,69,7.580970048904419,0.9205691814422601,0.000514673465453,0.005245901639344,0.008153802795674,0.008167714741869,0.890246212121212,0.008359356029711001
225,100,610,2069,112,7.475743055343628,1.008278131484985,0.00047006588943000006,0.005245901639344,0.006515739672132001,0.007690158434539001,0.9021297970665051,0.0067611613898920005
226,100,610,2069,183,7.618756055831909,1.063144922256469,0.00047479692813200006,0.005475409836065001,0.007034104729899001,0.007933133175046,0.863962375073486,0.006972190614038001
227,100,610,2069,297,7.538108825683594,1.138494968414306,0.00045373419291400006,0.005573770491803001,0.006940170140020001,0.007849387419537,0.8679708477176831,0.007158912244678001
228,100,610,2069,483,7.738219976425171,1.232453823089599,0.00043267856675400005,0.005672131147540001,0.006344423902593,0.007706183982084,0.920826395826395,0.006625098342919001
229,100,610,2069,784,7.687704086303711,1.327752828598022,0.0004675440845,0.005836065573770001,0.007222820620136,0.008138800612497001,0.8923546691403831,0.007444609520088001
230,100,610,2069,1274,7.535606145858765,1.426733970642089,0.0005432913953410001,0.005999999999999,0.008714724958127001,0.008825839617789,0.8806488801054011,0.008811111230508002
231,100,610,2069,2069,7.625401020050049,1.604213953018188,0.0005642056909460001,0.006163934426229,0.009422640461524,0.009185460576707001,0.8611426767676771,0.00941901180085
232,100,610,2069,3359,7.451589822769165,1.705788850784301,0.0006531085145580001,0.006295081967213001,0.009662626408235,0.009558969544303,0.848740443953209,0.009264271671852
233,100,610,2069,5455,7.632792949676514,1.976155042648315,0.0006135329712400001,0.006163934426229,0.008956709745337,0.009193510106014,0.8625773867709351,0.009436235412245001
234,100,610,2069,8858,7.56296706199646,2.232919931411743,0.000576117339741,0.005967213114754,0.008941179340148,0.008930346644011001,0.8493083003952561,0.009300127869287
235,100,610,2069,14384,7.642520189285278,2.622415065765381,0.0005887369853350001,0.005999999999999,0.008906727789375,0.00896892379645,0.8547430830039521,0.009303429698877
236,100,610,2069,23357,7.555227994918823,3.022433042526245,0.000589100813087,0.006131147540983001,0.009524303272548001,0.009166457677126,0.850928641251221,0.010051030844037
237,100,610,2069,37926,7.492480039596558,3.5402979850769043,0.000592337413748,0.006196721311475001,0.009915386587744001,0.009314104993725,0.8536168132942321,0.010575414349614001
238,100,610,2069,61584,7.588003635406494,4.388205051422119,0.000580856858144,0.006098360655737001,0.009842055785858,0.009199110591965001,0.852541544477028,0.010487482465483
239,100,610,2069,100000,7.571835041046143,5.385282039642334,0.0005860337358020001,0.006163934426229,0.010029856765584001,0.009293866018013,0.852541544477028,0.010652468875166
240,100,610,3359,10,11.989135026931763,1.460761070251464,0.000723341417462,0.005803278688524,0.00784933510676,0.009017930579844001,0.832978723404255,0.007349105214459001
241,100,610,3359,16,11.955629110336304,1.456204175949096,0.000725010572381,0.005999999999999,0.007871898218176,0.009157624863018,0.8349398237696111,0.007375772716374001
242,100,610,3359,26,11.942917108535767,1.4393770694732662,0.000732556530669,0.0058688524590160005,0.007857141508009001,0.009286886324442,0.8356382978723401,0.007362705475584001
243,100,610,3359,42,11.985522985458374,1.448709964752197,0.0007320359014300001,0.005901639344262,0.007860188616303,0.009291575763859,0.8361218568665371,0.007366705875624001
244,100,610,3359,69,11.95931887626648,1.463303804397583,0.0007216391291230001,0.006065573770491,0.008401765457340001,0.009395959905799,0.847395833333333,0.00797546171274
245,100,610,3359,112,12.045902013778687,1.871701955795288,0.000695443217545,0.006,0.007909981485831,0.009086289285158,0.8734884965222041,0.007751486078745
246,100,610,3359,183,12.209343910217285,1.8674390316009521,0.000729163915318,0.0063278688524590005,0.008754854777601,0.009618633999683001,0.8622695656403521,0.008700223273522
247,100,610,3359,297,11.971827983856201,1.750844955444336,0.0006686100664550001,0.0063278688524590005,0.008539304763698,0.009348829035667,0.8876696220446221,0.008436050183715
248,100,610,3359,483,11.923717260360718,1.775462865829467,0.000608463464893,0.006196721311475001,0.008185843418949,0.008981638821446,0.9054418407679271,0.0083852772839
249,100,610,3359,784,12.045936822891235,2.022334098815918,0.0004981961973420001,0.005934426229508001,0.007826413955971001,0.008427468822343001,0.914648952579987,0.008103324174075001
250,100,610,3359,1274,11.875163078308105,2.147884130477905,0.0005571184708600001,0.005836065573770001,0.008381212698117,0.008640717210829001,0.8843037112700031,0.008701461298805
251,100,610,3359,2069,12.034597158432007,2.282970190048217,0.000600407909964,0.006131147540983001,0.00956602867081,0.009325612142633001,0.861961722488038,0.009555924296275001
252,100,610,3359,3359,12.00182294845581,2.566659212112426,0.0006365515648840001,0.006098360655737001,0.009268758474933001,0.009249647812627,0.857725607725607,0.009186924473103
253,100,610,3359,5455,11.96414589881897,2.886621952056884,0.000614003944404,0.0062295081967210005,0.009297773705721001,0.009280297876998,0.8534010315925201,0.009304002781768001
254,100,610,3359,8858,12.127094984054565,3.422389030456543,0.000562002820107,0.006,0.008599716918657001,0.008814496913297,0.86028971028971,0.009089121876681
255,100,610,3359,14384,11.92862582206726,3.684088945388794,0.0005500042899580001,0.0058688524590160005,0.008467212762847,0.0086708144906,0.841419816138917,0.008830221784760001
256,100,610,3359,23357,12.06650424003601,4.171064853668213,0.000576442519803,0.006065573770491,0.009175122964850001,0.009031686968473,0.8465909090909091,0.009557105954201001
257,100,610,3359,37926,11.932816743850708,4.8978962898254395,0.000579747529652,0.006098360655737001,0.009640388361926001,0.009142003578018,0.8503996003996,0.010144845193797
258,100,610,3359,61584,11.902453899383545,5.888696908950806,0.0005849590655840001,0.006163934426229,0.010072108980561,0.009309008768198,0.8536168132942321,0.010721271412143001
259,100,610,3359,100000,11.937144041061401,7.107039928436279,0.0005810793789360001,0.006131147540983001,0.010025300366901,0.009256004832333001,0.852541544477028,0.010641625766419001
260,100,610,5455,10,19.14317488670349,2.313186883926391,0.0008302118670100001,0.005540983606557,0.008308307115313001,0.009137759482654,0.8237628384687201,0.007579879129538
261,100,610,5455,16,19.229874849319458,2.3524832725524902,0.0008325938555950001,0.005672131147540001,0.008323919917811,0.009271988997335001,0.8208216619981321,0.007588945970288001
262,100,610,5455,26,19.198957920074463,2.340152978897094,0.000837192140347,0.005704918032786,0.008398080729677,0.009377646296907,0.8260037348272641,0.007643049741321001
263,100,610,5455,42,19.310410022735596,2.347240209579467,0.000830713570272,0.005606557377049,0.008386371127804,0.009179964843833,0.8276844070961711,0.007633982900571001
264,100,610,5455,69,19.10922884941101,2.334288120269775,0.0008461971592410001,0.006098360655737001,0.009083471339734,0.009747874366398,0.8329320492241841,0.008420913011899001
265,100,610,5455,112,19.23437786102295,2.454966783523559,0.000769178178152,0.005901639344262,0.008404665692422,0.009256385195048001,0.8118910782703881,0.007888914626856001
266,100,610,5455,183,19.073287963867188,2.610389947891235,0.0006486014377380001,0.0057704918032780005,0.008010564286267001,0.008780122815145001,0.8276109307359301,0.007779905900663001
267,100,610,5455,297,19.19140887260437,2.738476037979126,0.0006405883489580001,0.005901639344262,0.007851659830692,0.008859784295102001,0.8768146959158191,0.007937934628373
268,100,610,5455,483,19.329192876815796,2.908834934234619,0.0006027204551510001,0.006163934426229,0.008334470761954,0.009069540860898001,0.898014354066985,0.0084274670486
269,100,610,5455,784,19.271755933761597,3.137091159820556,0.000602066671031,0.0062295081967210005,0.008361380282644,0.009065574985977001,0.913494838494838,0.008807878130074
270,100,610,5455,1274,19.224183797836304,3.337005853652954,0.000568156841306,0.005934426229508001,0.008013171599472001,0.008631137335182,0.880959759937032,0.008127568728233
271,100,610,5455,2069,19.300514936447144,3.651746034622192,0.000590404153301,0.005967213114754,0.008545004094855,0.008813763225878,0.873351744041399,0.008874678233155001
272,100,610,5455,3359,19.167083024978638,3.954432964324951,0.0006370402017270001,0.006163934426229,0.009607061490861001,0.009421521345438002,0.8313217579521921,0.009043950776274
273,100,610,5455,5455,19.128798246383667,4.328739166259766,0.0006072018836850001,0.006032786885245001,0.008866549462362,0.009046641523028,0.8320707070707071,0.008709822818524001
274,100,610,5455,8858,19.142741203308105,4.793884038925171,0.000561316194864,0.005967213114754,0.008766772902539001,0.008841899738973001,0.8346343873517781,0.008625853202122
275,100,610,5455,14384,19.21869707107544,5.372361898422241,0.000546313813547,0.005934426229508001,0.008503672481914,0.008696666927824,0.8421578421578421,0.008849520757668
276,100,610,5455,23357,19.135795831680298,6.096391201019287,0.000538264803016,0.005934426229508001,0.008464099644481,0.00864795730408,0.843181818181818,0.008813466356331
277,100,610,5455,37926,19.17006516456604,6.989356994628906,0.000572487375841,0.006065573770491,0.009122301921137001,0.009003428034961,0.8574604743083001,0.00952022717644
278,100,610,5455,61584,19.188171863555908,8.17452621459961,0.000571681754688,0.006,0.009538874155531,0.009027868882015,0.8493006993006991,0.010008532127462002
279,100,610,5455,100000,19.180194854736328,9.630007028579712,0.000579748180762,0.006098360655737001,0.009997035810655001,0.009228213289248001,0.852541544477028,0.010612927244393
280,100,610,8858,10,30.788661003112793,4.796403169631958,0.0005863953631600001,0.005573770491803001,0.007944462535859,0.008519641542934001,0.8557862679955701,0.008041166189063
281,100,610,8858,16,30.707774877548218,4.911772727966309,0.000584297473993,0.0055081967213110004,0.00793665613461,0.008423118892259001,0.8567091177556291,0.008036632768688
282,100,610,8858,26,30.761934757232666,4.76987099647522,0.0005859123036520001,0.005475409836065001,0.007932752933985,0.008507082577030001,0.8544942783314871,0.008027565927938001
283,100,610,8858,42,30.877545833587646,5.032856941223144,0.0005816129846210001,0.005475409836065001,0.007932752933985,0.008384062167327,0.858370247323735,0.008036632768688
284,100,610,8858,69,30.712598085403442,4.798089981079102,0.000588259719674,0.005672131147540001,0.008394230533558,0.008629401449908,0.861589105339105,0.008531199769247001
285,100,610,8858,112,30.710065126419067,5.125014066696167,0.00057569315859,0.005803278688524,0.008394707147449,0.008643337439317,0.8025949705724981,0.007835881533913
286,100,610,8858,183,30.74419403076172,5.232963800430298,0.0007695472159950001,0.005639344262295,0.007439071564932001,0.008742259978137,0.7908439798683701,0.007047974972510001
287,100,610,8858,297,30.839835166931152,5.540005922317505,0.000586397982158,0.0057704918032780005,0.0068150448920450005,0.008345312014697001,0.8755279699724141,0.0069976980342630005
288,100,610,8858,483,30.707437992095947,5.7149739265441895,0.000640484148997,0.006032786885245001,0.008125786765558,0.008992374797752,0.9006894790602651,0.008540336929372
289,100,610,8858,784,30.996968030929565,6.214983224868774,0.0005767421323660001,0.005934426229508001,0.00779679413113,0.008650307418883,0.9101464078992161,0.008217650482836
290,100,610,8858,1274,30.813157081604004,6.541604995727539,0.000570838271261,0.006131147540983001,0.008509223099145001,0.008939769533591001,0.9018648018648011,0.008759650301666
291,100,610,8858,2069,30.85301899909973,7.038155078887939,0.000557852365865,0.005999999999999,0.008275338466472,0.008708281443868001,0.8800336700336701,0.008403375727486001
292,100,610,8858,3359,30.908294200897217,7.500937938690185,0.0005674057852350001,0.005901639344262,0.008117055779623001,0.008658734723157,0.8620190670752461,0.008416977169425001
293,100,610,8858,5455,30.517987966537476,8.078049898147583,0.000585560790699,0.006196721311475001,0.008867196941688001,0.009079429162864,0.8328171828171821,0.008720829133744001
294,100,610,8858,8858,30.91848587989807,8.361851930618286,0.000579942139246,0.006196721311475001,0.009161779328801,0.009120256104311001,0.825741457124435,0.008903123671433
295,100,610,8858,14384,30.720436811447144,9.285534143447876,0.000559880708916,0.006196721311475001,0.009053127271008,0.009028976003013,0.8275757575757571,0.008773567484524
296,100,610,8858,23357,30.969883918762207,10.085775136947632,0.0005525182550530001,0.006163934426229,0.008810545476359,0.008928855528523,0.8331851119894591,0.008965583034269
297,100,610,8858,37926,30.700248956680298,11.3299560546875,0.0005499865929400001,0.006,0.008670926725254,0.008791159703182,0.8451651344909771,0.008863586663094001
298,100,610,8858,61584,30.895190000534058,12.854492902755737,0.0005743426786500001,0.006098360655737001,0.009412861591550001,0.009076881548736001,0.852541544477028,0.009648023351425
299,100,610,8858,100000,30.71141815185547,14.673853874206543,0.000574354631021,0.006032786885245001,0.009673161998835,0.00909242243805,0.8509387351778651,0.010151649562465
300,100,610,14384,10,49.72097396850586,9.04104995727539,0.00033113023613200003,0.005606557377049,0.007383136681214,0.007643012370222001,0.8708029878618111,0.00825718871792
301,100,610,14384,16,49.80659794807434,9.33625078201294,0.00033113023613200003,0.005606557377049,0.007383136681214,0.007643012370222001,0.8708029878618111,0.00825718871792
302,100,610,14384,26,63.15862202644348,9.038989067077637,0.00033026102212400005,0.005639344262295,0.007387039881838001,0.007635380515959001,0.8685807656395891,0.008252655297545
303,100,610,14384,42,63.21107077598572,9.11457109451294,0.00033131467234600003,0.005672131147540001,0.0074028878169040005,0.0076801020126290006,0.8681886087768441,0.008275947698782
304,100,610,14384,69,63.40419578552246,8.993274927139282,0.000328457948709,0.0057704918032780005,0.007334066439048,0.0077117373534320004,0.8676776266061981,0.008177381387344
305,100,610,14384,112,62.69241809844971,9.286213159561157,0.000528114411669,0.0058688524590160005,0.006573392548111,0.008029396804129,0.833089133089133,0.0066518713172970005
306,100,610,14384,183,12055.457070112228,5.838990926742554,0.000560208119468,0.005442622950819,0.005903735154567,0.007678319775028,0.836603174603174,0.005948300720947
