,Precision,Recall,RMSE, R^2,time to fit,time to predict,rank,maxIter,regParam
0,0.9579669108955284,0.095453879427513,0.8617892039355908,0.2293113351581954,5.735,3.267,0,10,0.1
1,0.9579669108955284,0.095453879427513,0.8617892039355908,0.2293113351581954,1.089,2.884,0,10,0.001
2,0.9579669108955284,0.095453879427513,0.8617892039355908,0.2293113351581954,1.042,3.142,0,10,0.0031622776601680004
3,0.9579669108955284,0.095453879427513,0.8617892039355908,0.2293113351581954,1.088,2.877,0,10,0.01
4,0.9579669108955284,0.095453879427513,0.8617892039355908,0.2293113351581954,0.989,2.926,0,10,0.031622776601683
5,0.9579669108955284,0.095453879427513,0.8617892039355908,0.2293113351581954,1.303,2.806,0,10,0.0001
6,0.9579669108955284,0.095453879427513,0.8617892039355908,0.2293113351581954,1.211,2.973,0,10,1e-05
7,0.9373517786561266,0.0221229113461001,0.8852371967947495,0.1868022249640426,0.266,4.27,5,10,0.1
8,0.9048874223602484,0.0086570982241862,1.2889205136019617,-0.723967778849838,0.314,3.972,5,10,0.001
9,0.8994495647721455,0.0082357127979935,1.1653624530061664,-0.4092852806283613,0.304,3.858,5,10,0.0031622776601680004
10,0.9170553935860056,0.0082861711887003,1.058387042391483,-0.1624275695027912,0.267,3.989,5,10,0.01
11,0.909509948668112,0.0102610089588261,0.9646450461590078,0.0343673317734042,0.289,3.875,5,10,0.031622776601683
12,0.8554127420198848,0.0091689542035278,1.8350462042191769,-2.494386031500916,0.263,3.894,5,10,0.0001
13,0.8735011262450286,0.0074764696085999,2.62486107777965,-6.149727987734968,0.293,3.856,5,10,1e-05
14,0.951350604950605,0.033636000863373,0.8755993008866594,0.2044129864885284,0.53,4.574,10,10,0.1
15,0.899496791830919,0.014450487033573,1.41894284381466,-1.089328254234306,0.69,3.889,10,10,0.001
16,0.8940144725717849,0.0142489373716741,1.2227157945882867,-0.5514147557595614,0.558,4.122,10,10,0.0031622776601680004
17,0.9155563186813188,0.019407707934549,1.0924758463208863,-0.2385129755864707,0.549,4.509,10,10,0.01
18,0.926001004865384,0.0255167920637895,0.9699043422641768,0.0238092671078888,0.653,4.084,10,10,0.031622776601683
19,0.8562901935462912,0.0124747541269207,2.2095514988217397,-4.066232653253319,0.668,6.926,10,10,0.0001
20,0.8524098112021408,0.0119323275424915,3.4945831182295373,-11.672655306863996,0.651,4.045,10,10,1e-05
21,0.961639257274178,0.0420702038934132,0.8708689021617019,0.2129860354731576,0.776,3.953,15,10,0.1
22,0.9000275938906763,0.0262623036378358,1.5067072418938572,-1.35577942577908,0.793,4.078,15,10,0.001
23,0.9159156868702472,0.028169614419662,1.2471270687324794,-0.6139805042546971,0.781,3.945,15,10,0.0031622776601680004
24,0.936644154179824,0.0381829174981777,1.085934344349876,-0.223725501051764,0.802,4.65,15,10,0.01
25,0.9435647705469132,0.0430462303325723,0.9620895358377864,0.0394768082598688,0.808,3.846,15,10,0.031622776601683
26,0.8940949972019094,0.0245792253033484,2.496087619657596,-5.465416774105018,0.744,4.197,15,10,0.0001
27,0.8924428196695638,0.0226463291430061,3.726346997111339,-13.409319163335969,0.88,4.013,15,10,1e-05
28,0.9526282433028466,0.044894570955839,0.8647749634022645,0.2239618200971783,0.932,4.125,20,10,0.1
29,0.9152238949472576,0.0346946576553237,1.4868538241172586,-1.2941056870623189,0.959,4.117,20,10,0.001
30,0.903796120075524,0.0410830209049967,1.2132132155707271,-0.5273942033743888,0.985,4.057,20,10,0.0031622776601680004
31,0.9304185993934392,0.0497828277890882,1.0567013842348891,-0.158727797953335,1.019,4.15,20,10,0.01
32,0.9274615240773552,0.0495306568134633,0.9439127223401896,0.0754283927043413,1.018,4.004,20,10,0.031622776601683
33,0.8974816891608292,0.0328947258279156,2.4154246847774954,-5.054299117564336,0.862,4.095,20,10,0.0001
34,0.9010213754056856,0.0303942295574969,3.5150391131671297,-11.821451593795665,1.048,3.992,20,10,1e-05
35,0.9507456692185756,0.0544911244736432,0.8616145147618153,0.2296237487282066,1.302,4.829,25,10,0.1
36,0.907552199998924,0.0479775002157314,1.450635027857477,-1.183701101299547,1.301,4.149,25,10,0.001
37,0.9038933065963984,0.0532669798658744,1.1783918855323408,-0.4409747132406045,1.271,4.296,25,10,0.0031622776601680004
38,0.9240494553434904,0.0613119038828016,1.029179055370703,-0.0991545244857081,1.171,4.12,25,10,0.01
39,0.9347783590398258,0.0637428467731007,0.927865196054575,0.1065985711411603,1.233,4.212,25,10,0.031622776601683
40,0.8860753553248212,0.0388417933162212,2.314270995743192,-4.557830504710185,1.222,4.137,25,10,0.0001
41,0.9104404199044902,0.0399055162469854,3.201263434628553,-9.634564295967431,1.211,4.243,25,10,1e-05
42,0.969450946656829,0.0574300100372232,0.8605359130818623,0.2315513138059086,1.535,4.198,30,10,0.1
43,0.9194048640628648,0.0562391487797683,1.3702248802442458,-0.9483212679936156,1.596,4.941,30,10,0.001
44,0.9189583079302108,0.0636830684796805,1.135998702241655,-0.3391602311468289,2.375,5.643,30,10,0.0031622776601680004
45,0.9334300953006808,0.07070379990033,1.0031378754355635,-0.0442347219894088,1.478,4.38,30,10,0.01
46,0.9442720427504738,0.0676153826560295,0.9201431144792468,0.1214072112353235,1.459,4.671,30,10,0.031622776601683
47,0.8871157779719399,0.0527239398389331,2.2499832455875426,-4.253339176767809,1.566,4.337,30,10,0.0001
48,0.8868085086330975,0.0466301989142773,3.608148842525066,-12.509701786166278,1.5,4.175,30,10,1e-05
49,0.95023149866007,0.0551190355576791,0.8596916093044671,0.2330584812249643,5.234,4.315,35,10,0.1
50,0.9198889125921708,0.063811437252075,1.3048749553770926,-0.7669109600825368,4.645,4.383,35,10,0.001
51,0.926483964389456,0.0725912611926016,1.087598797910694,-0.2274796787248743,4.111,4.272,35,10,0.0031622776601680004
52,0.9336278475164584,0.0780891072077921,0.9772717302950226,0.0089226629110634,4.459,4.382,35,10,0.01
53,0.9439947884894244,0.0699540112824541,0.9085905484092784,0.1433305045050537,4.428,4.209,35,10,0.031622776601683
54,0.91169089725266,0.0626753375649142,2.098196820635338,-3.5684546950107103,4.603,4.487,35,10,0.0001
55,0.9225222056505922,0.0615039424165319,3.3584634021272635,-10.70464141970538,5.35,4.32,35,10,1e-05
56,0.9601571777310782,0.0637315685340504,0.8566796394425985,0.2384230982817082,5.157,4.662,40,10,0.1
57,0.9230172356346196,0.077269038621527,1.2375225442738804,-0.5892166697546761,4.117,4.507,40,10,0.001
58,0.931008178079109,0.0815058856094872,1.056498451857502,-0.1582827889632083,4.486,4.786,40,10,0.0031622776601680004
59,0.9401223711753516,0.0844439786653143,0.9570312690204212,0.0495503205554901,5.406,4.388,40,10,0.01
60,0.9467800212358524,0.0771824006085676,0.8965534494569376,0.165878635828676,4.794,4.388,40,10,0.031622776601683
61,0.9199682780362276,0.0691804493639562,1.955784964640872,-2.969347117349071,5.15,4.577,40,10,0.0001
62,0.9227703191596632,0.067094912865435,2.8903296342728093,-7.669052330413489,5.269,4.423,40,10,1e-05
63,0.9623171982761024,0.0623859483027157,0.8562387342334674,0.2392068143858425,5.759,4.616,45,10,0.1
64,0.9267566445194552,0.0820579047453417,1.1718349337262557,-0.4249832338530119,5.898,4.495,45,10,0.001
65,0.937767294247307,0.0847480026099252,1.0127503216646854,-0.0643431091635022,5.618,4.517,45,10,0.0031622776601680004
66,0.9453355339700598,0.0831921079153108,0.936789699000484,0.0893298818282555,6.538,4.353,45,10,0.01
67,0.9506801055924202,0.0725398005065858,0.8902454012097967,0.1775749101079088,5.307,4.615,45,10,0.031622776601683
68,0.919188033491844,0.0791521650699514,1.8026600502693295,-2.372131806766667,7.814,4.471,45,10,0.0001
69,0.9132885614796716,0.0767631697950709,2.4863673594364286,-5.415159590420355,6.359,4.596,45,10,1e-05
70,0.958455248500748,0.063710825520975,0.856173297266108,0.2393230952652845,6.468,4.512,50,10,0.1
71,0.9249393036649768,0.09198177978154,1.1251650364817731,-0.3137397177115488,7.039,4.784,50,10,0.001
72,0.9341564519365014,0.0885681446696774,0.9864815753915168,-0.0098452564171658,7.201,4.671,50,10,0.0031622776601680004
73,0.9391033718216916,0.0843114889242169,0.9203594797436112,0.1209939726683915,6.693,4.884,50,10,0.01
74,0.953301076170243,0.0811998441407069,0.8834355887752676,0.1901088478931053,6.277,4.45,50,10,0.031622776601683
75,0.9136310878231044,0.0881612028127555,1.6716183931091535,-1.8996872263044664,6.131,4.752,50,10,0.0001
76,0.920588092259782,0.0871585328104542,2.5264257747126613,-5.623536897082481,6.705,4.731,50,10,1e-05
77,0.9626807377234112,0.0665668274096622,0.8558817558898166,0.2398410535674876,6.965,4.637,55,10,0.1
78,0.927264023884342,0.0964580993647963,1.0863279957302228,-0.2246128632522042,6.702,4.556,55,10,0.001
79,0.9347132887545136,0.0983877900219462,0.963091120762696,0.0374758586962694,7.425,4.482,55,10,0.0031622776601680004
80,0.9512890473762088,0.0885520312393869,0.9073928243804256,0.145587576974289,8.635,4.478,55,10,0.01
81,0.9476352045000092,0.0770354147594214,0.8796293240991877,0.1970726137476072,8.745,4.588,55,10,0.031622776601683
82,0.9246901051066454,0.09467324930777,1.58356140643049,-1.602236060963297,8.452,4.771,55,10,0.0001
83,0.9067066970845614,0.0929076127271461,2.229536152459413,-4.158291858080853,8.372,4.621,55,10,1e-05
84,0.9515215193056104,0.0653628235436961,0.85533247008738,0.2408164465551843,8.611,4.517,60,10,0.1
85,0.928670897471016,0.095647110664098,1.0462384865258771,-0.1358951801138452,7.27,4.538,60,10,0.001
86,0.9406628686582555,0.0911574661496308,0.947899757339268,0.0676012183649092,7.227,4.571,60,10,0.0031622776601680004
87,0.9313720088828594,0.0887070602832292,0.9012492790492984,0.1571180885703277,8.741,4.433,60,10,0.01
88,0.9412737085609426,0.0766429337563668,0.875970030493316,0.2037391392142181,9.484,4.529,60,10,0.031622776601683
89,0.9209566647197194,0.098249510347765,1.440445267138153,-1.1531307089481282,8.785,4.509,60,10,0.0001
90,0.9229547901065852,0.0939591683785709,2.0765245248152,-3.4745668684178552,7.893,4.645,60,10,1e-05
91,0.961247949884748,0.0695939560631459,0.8547479072171431,0.2418537949124567,11.353,4.569,65,10,0.1
92,0.928370032947793,0.1025661006228693,1.0257696729914885,-0.0918842036583316,10.054,4.78,65,10,0.001
93,0.9386969252468088,0.0935884007744761,0.9372381404320724,0.0884577971794601,11.03,4.595,65,10,0.0031622776601680004
94,0.9476225619957322,0.0929984217521589,0.8960962087668406,0.1667292197469352,10.523,4.559,65,10,0.01
95,0.9403995572783928,0.0801714996774224,0.8741112043612567,0.2071149169972067,10.44,4.64,65,10,0.031622776601683
96,0.9177383259923376,0.0971191799210587,1.3965559311155704,-1.0239209241663183,11.17,4.619,65,10,0.0001
97,0.9174859520681484,0.0964615782788129,1.9187771781073677,-2.8205506521283605,12.101,4.656,65,10,1e-05
98,0.9605354040535558,0.0685504980855649,0.8547647309232012,0.241823949962103,11.341,5.432,70,10,0.1
99,0.9313411135481796,0.0975691072495269,0.9841995556028732,-0.005178526818361,12.028,4.905,70,10,0.001
100,0.9436531228533676,0.0949964923626999,0.9209185302872605,0.1199257856054434,11.631,4.627,70,10,0.0031622776601680004
101,0.952687605422824,0.090410253422948,0.8901301202973227,0.177787893575267,11.381,4.728,70,10,0.01
102,0.9479931348468852,0.081830676120927,0.8714435203864769,0.2119471150053724,12.186,4.695,70,10,0.031622776601683
103,0.9203469368795278,0.1032071731056393,1.2778064911699674,-0.6943653175468194,9.864,4.951,70,10,0.0001
104,0.9151259101326924,0.1008358348054232,1.7609139186221423,-2.217756124720389,10.641,4.673,70,10,1e-05
105,0.9589741608058324,0.0717853550946893,0.8548150567426313,0.2417346693615897,13.042,4.917,75,10,0.1
106,0.9281214694401604,0.0992472818040388,0.9703129939883318,0.0229864930506575,13.596,4.737,75,10,0.001
107,0.928147231099335,0.0947190671643711,0.9138904088692684,0.1333073527100426,10.815,4.903,75,10,0.0031622776601680004
108,0.9414756470433718,0.090645765409144,0.885077890805966,0.1870948823885809,14.34,5.083,75,10,0.01
109,0.943661499934949,0.0823669609153432,0.8694608704274795,0.2155288861978985,12.914,4.945,75,10,0.031622776601683
110,0.932171371463217,0.1061568278302094,1.26083613744322,-0.6496589549350833,13.125,4.684,75,10,0.0001
111,0.9295567221159412,0.1078124266821562,1.6924379599513224,-1.97236670859556,12.433,4.718,75,10,1e-05
112,0.9630166460523604,0.0697652679857776,0.8549018151757835,0.2415807430826545,14.13,5.096,80,10,0.1
113,0.9223199540918487,0.1009433054736073,0.9586104987313482,0.0464109941222334,11.726,4.992,80,10,0.001
114,0.9394727227582966,0.0985063428231424,0.9067949388620584,0.1467131589779767,12.432,5.105,80,10,0.0031622776601680004
115,0.9505291181663216,0.0907121679457449,0.8830926510431172,0.1907375034071763,12.155,4.902,80,10,0.01
116,0.949516028473641,0.0799510138967517,0.8695454362137041,0.2153762798071372,14.664,5.128,80,10,0.031622776601683
117,0.9257650489694984,0.1046694020658148,1.198895596381672,-0.4915561364968448,12.692,5.164,80,10,0.0001
118,0.921102086745528,0.1042610950970486,1.531690785529059,-1.4345520977185546,12.609,5.198,80,10,1e-05
119,0.9478452291764312,0.0690429159202121,0.8548301390296245,0.2417079115825013,13.78,5.23,85,10,0.1
120,0.9354262660382237,0.1006417867902642,0.9512632317198066,0.0609725355957434,18.293,5.215,85,10,0.001
121,0.9426784555769456,0.0961121747808624,0.9012244078277278,0.1571646089149339,15.962,5.241,85,10,0.0031622776601680004
122,0.9489620035996448,0.088094225749862,0.8793991163553698,0.1974928269208806,16.199,5.211,85,10,0.01
123,0.952131082539993,0.0805637125450327,0.8679827779344893,0.2181938371000923,14.843,5.123,85,10,0.031622776601683
124,0.9294710343967588,0.1090116955193184,1.162815216246921,-0.4031312124121922,15.135,5.232,85,10,0.0001
125,0.9198420877775724,0.1024133499983562,1.4966964950757808,-1.3245792480645413,14.584,5.13,85,10,1e-05
126,0.9646842346808324,0.0707378392868828,0.8545112106807712,0.2422736280178484,15.898,5.615,90,10,0.1
127,0.930242116826552,0.0991423124689322,0.9381013059532252,0.0867780232127479,16.732,5.108,90,10,0.001
128,0.9323343201154322,0.097200794534611,0.8972493658751236,0.1645832216177172,17.409,5.153,90,10,0.0031622776601680004
129,0.9465764833206012,0.0877115296684717,0.8768381166165989,0.2021601685174682,17.061,5.093,90,10,0.01
130,0.9390228838990248,0.08225291697603,0.8673219559396145,0.2193838101188021,16.399,5.044,90,10,0.031622776601683
131,0.9367319856993293,0.1056802647102624,1.1102274686344715,-0.2790891340344414,18.041,5.214,90,10,0.0001
132,0.9281108632024866,0.1054607988249274,1.34876632997228,-0.8877753240132866,17.354,5.088,90,10,1e-05
133,0.957628083375038,0.071229787918158,0.8543899449820915,0.2424886742264016,20.646,5.288,95,10,0.1
134,0.93444752671738,0.0959452871049675,0.926071781916761,0.1100488359537728,18.801,5.282,95,10,0.001
135,0.9430507282586544,0.0974916881304891,0.8908303250406475,0.1764938282641176,18.507,5.158,95,10,0.0031622776601680004
136,0.9497691709453016,0.0892699330225974,0.8756117581342079,0.20439034851962,19.535,5.393,95,10,0.01
137,0.9522340883666522,0.0804580909006625,0.8670562641437283,0.2198619982897183,18.875,5.365,95,10,0.031622776601683
138,0.9260191175720154,0.0988111844566046,1.07779432738562,-0.2054484980506645,20.448,5.205,95,10,0.0001
139,0.9263029352046812,0.1010508523531104,1.3407398764396308,-0.8653740292958516,18.771,5.414,95,10,1e-05
140,0.9535527512286966,0.0695442843212101,0.8542816483400754,0.2426806959939673,20.728,5.12,100,10,0.1
141,0.9365200590933688,0.1037847606989995,0.918833945050912,0.123905536845617,19.95,5.269,100,10,0.001
142,0.9478418673035244,0.0973804696960663,0.8853514898390467,0.1865922273507694,20.08,8.271,100,10,0.0031622776601680004
143,0.9500781637754012,0.0924432118155383,0.872976767364736,0.2091716221127908,18.501,5.399,100,10,0.01
144,0.9501556731909216,0.0843841546778062,0.8664609052107641,0.2209329845391924,21.354,5.234,100,10,0.031622776601683
145,0.9324069609412324,0.1084035485621609,1.0522544941329923,-0.1489958279025554,20.508,5.168,100,10,0.0001
146,0.926947562783626,0.1089842611324904,1.2605412098640767,-0.6488872876194096,22.522,5.36,100,10,1e-05
147,0.9610669029276808,0.0707251950771622,0.8544642141625849,0.2423569727920783,22.18,5.165,105,10,0.1
148,0.9360585496567236,0.098695359395205,0.9176634322951188,0.1261362479875172,20.675,5.247,105,10,0.001
149,0.9468858570830464,0.0968079094407169,0.8859101846171575,0.1855653130281606,22.749,5.048,105,10,0.0031622776601680004
150,0.9571181941393764,0.0920290780123569,0.8735399280936259,0.208150960039672,23.971,5.325,105,10,0.01
151,0.950155658622726,0.0810227620775443,0.866580519548688,0.2207178703501191,20.371,5.079,105,10,0.031622776601683
152,0.9353535665160284,0.1035374222771039,1.0578517536667915,-0.1612520505366541,22.188,5.219,105,10,0.0001
153,0.936982674915268,0.0979115362255108,1.2755307912876672,-0.6883355572635885,22.616,5.165,105,10,1e-05
154,0.9567804080326626,0.0679771799695535,0.8544320637294966,0.2424139865154964,25.912,5.565,110,10,0.1
155,0.9358487840347522,0.0999659778396032,0.9096616924225662,0.141309446074715,24.18,5.459,110,10,0.001
156,0.945777310239328,0.0958347205345628,0.8843513731222653,0.1884288837366454,24.99,5.444,110,10,0.0031622776601680004
157,0.948566558581976,0.0893020935650115,0.8735983675130536,0.2080450078225466,23.728,5.36,110,10,0.01
158,0.9531952140516152,0.0812063044478072,0.8661377306329795,0.2215140325669323,23.507,5.384,110,10,0.031622776601683
159,0.9241510719068684,0.0999708655569791,1.0273892670164912,-0.095334890990681,22.363,5.397,110,10,0.0001
160,0.9277894915681952,0.1028840330637069,1.2493485668312716,-0.6197355681665999,23.294,5.596,110,10,1e-05
161,0.9558706472284884,0.073213919414377,0.8542033494539227,0.2428195133047358,28.519,5.825,115,10,0.1
162,0.9397972744886632,0.0977276913499001,0.9083013863882488,0.1438756936770786,26.455,5.531,115,10,0.001
163,0.938061756606443,0.0972335943479657,0.8845878289748537,0.1879948336496407,24.115,5.69,115,10,0.0031622776601680004
164,0.9479599816212992,0.0899729209254208,0.8732067637015121,0.2087548605287801,26.794,5.581,115,10,0.01
165,0.9466424531685778,0.0814968462569574,0.8660698961450032,0.2216359672828655,27.042,5.663,115,10,0.031622776601683
166,0.9232366321913504,0.1034558534426189,1.0181211814643991,-0.075661980796224,25.531,5.565,115,10,0.0001
167,0.926600450668518,0.1059377471158023,1.2083102815390614,-0.5150738940811179,22.27,5.862,115,10,1e-05
168,0.9539264744392344,0.072639046665003,0.8541259838582986,0.2429566634729933,27.327,5.549,120,10,0.1
169,0.9333023148171268,0.1010931284846563,0.9034791195960332,0.1529420689182314,27.258,5.807,120,10,0.001
170,0.9427310493586916,0.0990546041864766,0.8822953168002624,0.192198191373705,28.342,5.558,120,10,0.0031622776601680004
171,0.9499166927293328,0.091927197037616,0.8729595552832813,0.2092028066042387,26.801,5.762,120,10,0.01
172,0.9542613951174876,0.0824024196066499,0.8660253844981255,0.2217159732380401,25.263,5.596,120,10,0.031622776601683
173,0.9425974290188112,0.110388766396555,1.0051059499876065,-0.0483361477921924,25.598,5.651,120,10,0.0001
174,0.923672472515851,0.1065061695816395,1.1949282286829332,-0.481700798772456,25.115,5.538,120,10,1e-05
175,0.957048230831303,0.071536566063138,0.8543814934120049,0.2425036606583791,33.044,5.343,125,10,0.1
176,0.9495343794688954,0.105869173248432,0.8983060310995129,0.162614369502584,29.608,5.472,125,10,0.001
177,0.9367624233231648,0.0987170564180082,0.880791299059117,0.1949499065616907,31.998,5.561,125,10,0.0031622776601680004
178,0.94930983599984,0.0907925923676216,0.8721362918420859,0.2106936601694934,32.052,5.699,125,10,0.01
179,0.9466676872639216,0.0829567142006771,0.8658644810946255,0.2220051493236426,29.699,5.487,125,10,0.031622776601683
180,0.9356511647740318,0.1083255647690073,0.981482983060293,0.0003627718642728,28.306,5.777,125,10,0.0001
181,0.9293872065427644,0.1091101701191653,1.1696531150160854,-0.4196818716140065,32.132,5.596,125,10,1e-05
182,0.9603030460183396,0.0710157260865548,0.8538833612023173,0.2433866931899874,34.245,5.747,130,10,0.1
183,0.941975118965476,0.10168381321847,0.8958668455633941,0.1671557301908961,36.529,5.729,130,10,0.001
184,0.9483224225966088,0.0965049363724382,0.8800938204613596,0.1962244034584982,33.267,5.874,130,10,0.0031622776601680004
185,0.9526713390585356,0.0920023375323084,0.8717298582663854,0.2114291549566245,31.862,5.718,130,10,0.01
186,0.9481669811982604,0.0830578266013307,0.8655105973477785,0.2226409612235959,31.882,5.913,130,10,0.031622776601683
187,0.9425069502603426,0.1050560448022922,0.9805743361352586,0.0022128229680143,35.292,5.796,130,10,0.0001
188,0.934612189334184,0.1072327747848423,1.1431051523861706,-0.3559673666859591,32.707,5.962,130,10,1e-05
189,0.9657564534231202,0.0701237957811757,0.8540915224327918,0.2430177511034784,36.457,5.843,135,10,0.1
190,0.9424839251880028,0.0953332790191112,0.8949322728346542,0.1688924783573661,34.382,5.991,135,10,0.001
191,0.9518549119208284,0.0953311669568856,0.8793997044069403,0.1974917536522079,36.627,5.87,135,10,0.0031622776601680004
192,0.9489512577838648,0.0876865745803703,0.8713544743026473,0.2121081568546675,36.068,5.911,135,10,0.01
193,0.9489512577838648,0.0876865745803703,0.8713080961576278,0.2121920262575017,37.995,5.783,135,10,0.031622776601683
194,0.9504554556180326,0.0800138748483051,0.8654692842391528,0.2227151702559029,39.81,6.377,135,10,0.0001
195,0.9450252590718536,0.0949852795370793,0.8792264251129435,0.1978079792808242,38.871,5.889,135,10,1e-05
196,0.9444597456230944,0.0899752911904209,0.8719354519781307,0.2110571490565558,39.726,5.671,140,10,0.1
197,0.9522148531367342,0.081076747768245,0.8659420252011025,0.2218657935276933,42.874,5.918,140,10,0.001
198,0.9351134154100594,0.1017744374148349,0.9669680700833936,0.0297109272607444,40.242,5.615,140,10,0.0031622776601680004
199,0.9341317348247398,0.1016033101891561,1.1389765916598376,-0.3461903412085281,37.463,5.949,140,10,0.01
200,0.9597207597207597,0.0713557325974494,0.853878030951324,0.243396139272265,45.617,5.934,140,10,0.031622776601683
201,0.9414831713118904,0.0985300530359506,0.8906052609752257,0.1769098855734765,42.215,5.851,140,10,0.0001
202,0.9427056677205096,0.0943265039987494,0.8788072175299977,0.1985727534040113,45.47,5.796,140,10,1e-05
203,0.948226956901588,0.0905887710462949,0.8712023578672545,0.2123832247878383,40.594,5.944,145,10,0.1
204,0.9499828765559238,0.0831391322524619,0.8654015535899334,0.2228368243621714,41.059,5.722,145,10,0.001
205,0.925987070627838,0.1066957909487689,0.9559757121218674,0.0516457598151437,42.943,6.039,145,10,0.0031622776601680004
206,0.9408290405965662,0.110586973367504,1.0963850432879114,-0.2473923544692697,43.403,5.721,145,10,0.01
207,0.9605413470545048,0.0714486288041306,0.8541173429892676,0.24297198083684,44.853,5.79,145,10,0.031622776601683
208,0.9413678042536532,0.1025069799765677,0.8904947361813671,0.1771141651221632,44.431,5.797,145,10,0.0001
209,0.9445667624604396,0.0991075288531675,0.8789113252711117,0.1983828602836792,45.235,5.818,145,10,1e-05
210,0.9511976664631876,0.0915283360306667,0.8715140046477712,0.2118196309620029,42.001,5.779,150,10,0.1
211,0.9451456843900852,0.0826609563531607,0.865677853641714,0.2223404894442399,48.09,5.811,150,10,0.001
212,0.9407715509222376,0.105953398221534,0.9496214866668816,0.0642109943398638,43.325,5.938,150,10,0.0031622776601680004
213,0.9339288802627786,0.1088690829269226,1.1000295131254303,-0.2556989974844905,43.885,5.805,150,10,0.01
214,0.961448816995991,0.0724506836782137,0.8538320792874863,0.243477570740234,47.742,6.168,150,10,0.031622776601683
215,0.9396986591352616,0.1013561679170898,0.8869340683359215,0.1836816722047365,51.892,5.98,150,10,0.0001
216,0.949889600077024,0.0973516982765986,0.8762834697565357,0.2031692017482045,48.168,5.996,150,10,1e-05
217,0.9530512245582256,0.0904951504642255,0.8704407004372128,0.2137597865744164,47.365,5.963,155,10,0.1
218,0.9533568030405344,0.0826451480601378,0.8652423707520656,0.2231227024299984,50.667,6.071,155,10,0.001
219,0.9347452469819924,0.106878906559103,0.9373159376606308,0.0883064623217113,49.183,5.931,155,10,0.0031622776601680004
220,0.9359447651208668,0.1047590154122275,1.033486928364301,-0.108375325934396,49.665,6.168,155,10,0.01
221,0.9604778404418538,0.0717880211746436,0.8539068587853035,0.2433450509016071,51.293,5.825,155,10,0.031622776601683
222,0.9438884432483396,0.1019413209645685,0.8889219656327,0.1800183208718427,52.7,6.11,155,10,0.0001
223,0.954014372476856,0.0993252655515523,0.8777921127298315,0.2004231314516948,49.783,5.835,155,10,1e-05
224,0.9506241134477784,0.0930261145852217,0.8709672277380007,0.2128083095951788,52.679,5.901,160,10,0.1
225,0.9488344082858852,0.080436004678455,0.8652415741325502,0.2231241329547908,52.751,5.861,160,10,0.001
226,0.9410481603002254,0.107288651060277,0.946867320783794,0.069631218545606,50.254,5.745,160,10,0.0031622776601680004
227,0.931735711393088,0.1068825334376357,1.0593860034258116,-0.1646229249080195,50.82,5.905,160,10,0.01
228,0.961814510471656,0.0705254808743863,0.8539549526079716,0.2432598157184932,53.847,6.01,160,10,0.031622776601683
229,0.9389864222447368,0.1011304361544822,0.8868157349054812,0.1838994816396052,53.104,6.137,160,10,0.0001
230,0.9459088819791248,0.0973559449807514,0.8764839780139535,0.2028045037036102,53.873,6.05,160,10,1e-05
231,0.9481067132936858,0.0916145142076402,0.8704456725831302,0.2137508041997853,55.477,6.078,165,10,0.1
232,0.954688379441258,0.0808723395148352,0.865155141682199,0.2232793356935613,56.898,6.135,165,10,0.001
233,0.933491696432182,0.1054329958415811,0.930611225287082,0.101302679568181,57.182,6.206,165,10,0.0031622776601680004
234,0.9234586498652736,0.1073140383532692,1.0145802555927874,-0.0681928975066803,57.409,6.012,165,10,0.01
235,0.9594861428355346,0.0724519495747614,0.8540994742204596,0.2430036556816783,58.046,6.14,165,10,0.031622776601683
236,0.9475264285234002,0.1024369069790698,0.8881444507089623,0.1814521231508843,57.335,6.021,165,10,0.0001
237,0.9480291332723008,0.0966964628405242,0.8783415184568583,0.1994219158340516,58.989,6.085,165,10,1e-05
238,0.9522274086774086,0.0901834904437625,0.8711002996413382,0.2125677469296297,61.055,6.085,170,10,0.1
239,0.9492849488230332,0.079762117575049,0.8651991181195676,0.2232003711839064,75.835,8.015,170,10,0.001
240,0.9413787034572396,0.1097986592557223,0.930124761089109,0.1022419972840067,66.475,8.19,170,10,0.0031622776601680004
241,0.9309920457561282,0.107470964149733,1.022523793764733,-0.0849849611694328,69.493,8.239,170,10,0.01
242,0.9587246309833072,0.072990631103403,0.8540649343741218,0.2430648804207545,81.07,8.492,170,10,0.031622776601683
243,0.9503565937633984,0.1083775803267197,0.8855544438340716,0.1862192607255675,74.751,7.859,170,10,0.0001
244,0.9499939534642272,0.1000909518840294,0.8771960519174763,0.2015086609650208,79.562,8.745,170,10,1e-05
245,0.954569939400374,0.0914419521609785,0.8706188498802511,0.2134379206744495,74.908,8.342,175,10,0.1
246,0.9454616614231048,0.081707762637456,0.8652262698689787,0.2231516152400559,75.234,8.38,175,10,0.001
247,0.9409173907651692,0.1108887789505563,0.9232455225096,0.1154725942512649,76.411,8.046,175,10,0.0031622776601680004
248,0.9387160777737216,0.1116652320925093,0.9958519170665664,-0.0291209058370529,79.459,8.334,175,10,0.01
249,0.9575588748424329,0.0725755977559766,0.854189617221103,0.2428438580820275,74.379,8.295,175,10,0.031622776601683
250,0.9431502478148924,0.1017250630625268,0.8854259442679807,0.1864554130834459,74.215,8.794,175,10,0.0001
251,0.94113494784231,0.0951936841609522,0.8773788315956512,0.2011758660439577,78.763,8.491,175,10,1e-05
252,0.9482485221652216,0.0906488564645929,0.871304323789161,0.212198847944429,75.944,8.458,180,10,0.1
253,0.9511658343228238,0.0825155938410575,0.8655764680605359,0.2225226330537832,77.486,7.979,180,10,0.001
254,0.948288299870531,0.1111146966985386,0.9197615913550428,0.1221356500334415,77.71,8.213,180,10,0.0031622776601680004
255,0.9452253953000864,0.1125448556242538,0.9837968590895608,-0.0043561344993825,77.597,8.343,180,10,0.01
256,0.951744301378274,0.0701760270352418,0.8539677797074106,0.2432370818389941,103.669,8.119,180,10,0.031622776601683
257,0.941387128539398,0.1033179992693492,0.8848896101280403,0.1874407006465384,92.544,9.401,180,10,0.0001
258,0.9462557689735732,0.0997239519760836,0.8771398791794103,0.2016109231870276,105.079,8.44,180,10,1e-05
259,0.9470561748617526,0.0916580960683002,0.8708858300535472,0.2129554393255169,97.498,8.816,185,10,0.1
260,0.9393782083720904,0.1084240488017881,0.9209060776182956,0.1199495861880143,96.357,8.676,185,10,0.001
261,0.9353418413764852,0.1080245443993277,0.9903628129515606,-0.0178072089286276,98.108,8.518,185,10,0.0031622776601680004
262,0.959039053213062,0.0720390713444534,0.854050062194252,0.2430912418290768,105.172,8.7,185,10,0.01
263,0.9358884561220396,0.1029920993483901,0.8825560666744169,0.1917206520715947,105.951,8.442,185,10,0.031622776601683
264,0.9477150260164496,0.096972088096872,0.8760358067985203,0.203619552785476,98.62,8.956,185,10,0.0001
265,0.9540429524086858,0.0905667850692899,0.8704469648920699,0.2137484695851143,103.75,9.161,185,10,1e-05
266,0.948617756634904,0.0803095791116695,0.8653029921754567,0.2230138380031227,101.339,8.748,190,10,0.1
267,0.9374264973757888,0.1085552439139515,0.9160432149480576,0.1292192940273102,105.008,9.083,190,10,0.001
268,0.9289494924097712,0.1094245512306591,0.9784380917959484,0.0065555745709358,105.06,8.556,190,10,0.0031622776601680004
269,0.9592475422936532,0.0712840222862439,0.8538081760495583,0.2435199282082641,114.729,8.604,190,10,0.01
270,0.9410580421136248,0.1001805764095386,0.8809379115654136,0.1946818743151832,109.977,8.632,190,10,0.031622776601683
271,0.9414406726920088,0.0956476004497987,0.8749096553636333,0.2056657443349252,110.203,9.116,190,10,0.0001
272,0.9435864657165848,0.0898139406600712,0.8700129066308083,0.2145324205773068,102.653,9.271,190,10,1e-05
273,0.9525771450771452,0.0802646724171855,0.8648970683880653,0.2237426536670556,106.394,8.636,195,10,0.1
274,0.9360823799020412,0.1085497270390517,0.9134958857007022,0.1340554873244867,106.407,8.799,195,10,0.001
275,0.9260358206124808,0.1109590865183753,0.9733181767094624,0.0169252512214831,112.368,9.459,195,10,0.0031622776601680004
276,0.9514820614274744,0.0717717172567814,0.8542626915070451,0.2427143060248925,105.589,8.237,195,10,0.01
277,0.9373410031330436,0.1042628709676204,0.8828201299008822,0.1912369008607436,103.325,9.026,195,10,0.031622776601683
278,0.9485767086315204,0.0970234474794765,0.8769616131627774,0.2019354123158628,113.263,8.492,195,10,0.0001
279,0.9508719058519628,0.0906807316763031,0.8711322076261434,0.2125100593440747,107.856,8.141,195,10,1e-05
280,0.9481123080912882,0.0816017700602216,0.8656672267351974,0.2223595821452054,108.116,8.194,200,10,0.1
281,0.9383035715768754,0.1079532486301786,0.9120429724366153,0.1368078625717244,107.932,8.618,200,10,0.001
282,0.9331493516983068,0.1083475962416626,0.9620281227281984,0.0395994305961985,105.984,9.033,200,10,0.0031622776601680004
283,0.955207824274491,0.0700483019725238,0.8540410269693722,0.2431072568262561,115.06,8.536,200,10,0.01
284,0.9370900247270628,0.1002805080453512,0.8830322741938181,0.1908481578202645,118.489,8.878,200,10,0.031622776601683
285,0.9464795567236808,0.0989454445827522,0.8765069083102727,0.2027627912056527,113.102,8.731,200,10,0.0001
286,0.950044002100584,0.0920277721847532,0.8705449913549761,0.2135713702339731,117.515,9.023,200,10,1e-05
287,0.9455124188284276,0.0818337748403466,0.8652844578133164,0.2230471229652784,122.965,8.499,205,10,0.1
288,0.9439559159028806,0.1027666116410472,0.9114050193390228,0.1380150063618508,120.446,7.348,205,10,0.001
289,0.9322056551511234,0.1053521791671675,0.9633540815584976,0.0369501749628117,120.075,7.299,205,10,0.0031622776601680004
290,0.9533471909902116,0.0723078012091538,0.8540684921623407,0.2430585740607771,130.565,6.597,205,10,0.01
291,0.937979045221577,0.1025758312194076,0.8813653323679091,0.1939002228087704,127.997,6.901,205,10,0.031622776601683
292,0.941791337408096,0.0952946056959207,0.8758734917870944,0.2039146378153208,120.827,6.948,205,10,0.0001
293,0.9557761190970055,0.0916871918809855,0.8705140272827653,0.2136273135799377,121.53,6.953,205,10,1e-05
294,0.9516407547703924,0.0819179888040033,0.8651898482479293,0.2232170165875403,115.97,7.086,210,10,0.1
295,0.9629824306327004,0.0716367348147732,0.8539715388022734,0.2432304194099732,142.412,7.107,210,10,0.001
296,0.944518280351604,0.097128579370535,0.8755353991033984,0.2045291071243136,138.532,6.832,210,10,0.0031622776601680004
297,0.9485707664061324,0.0891411148538998,0.8706190910045389,0.213437484986094,139.374,7.04,210,10,0.01
298,0.9480078271002788,0.0817884273510064,0.8652764901327856,0.223061431517233,139.712,6.882,210,10,0.031622776601683
299,0.9429569922030762,0.10585054475748,0.9012068492517782,0.1571974505577797,141.118,6.912,210,10,0.0001
300,0.9343101694915052,0.1028842458397611,0.943801919409093,0.0756454450415136,144.527,6.98,210,10,1e-05
301,0.9587246550169892,0.0716556867124198,0.854091260507706,0.2430182153923864,148.651,6.982,215,10,0.1
302,0.9392007622457842,0.1026274227,0.8808301726,0.1948788436,152.275,7.273,215,10,0.001
303,0.942245003767972,0.0979282098,0.8762276322,0.203270748,148.424,7.017,215,10,0.0031622776601680004
304,0.9523381566997058,0.0905605068,0.8705100132,0.2136345658,151.07,7.115,215,10,0.01
305,0.948875069085392,0.08284932806,0.8652266181,0.22315099,150.541,7.325,215,10,0.031622776601683
306,0.9446942841410192,0.1083364679,0.904057464,0.1518572668,143.6,7.424,215,10,0.0001
307,0.9352235915609662,0.1108487432,0.9513377334,0.06082544315,147.262,7.293,215,10,1e-05
308,0.9578194556033892,0.07104461213,0.8541187152,0.2429695484,154.812,7.272,220,10,0.1
309,0.9402598704955358,0.1031506596,0.8817047764,0.1932791898,160.225,7.356,220,10,0.001
310,0.9482766215755226,0.09494828661,0.8768980057,0.202051178,152.551,7.303,220,10,0.0031622776601680004
311,0.950988716488156,0.08758286236,0.8710380224,0.2126803341,153.255,7.413,220,10,0.01
312,0.9479364232260288,0.08153360164,0.8653237175,0.2229766175,157.822,7.136,220,10,0.031622776601683
313,0.9371703322703392,0.1099545358,0.9035158271,0.1528732372,157.724,7.518,220,10,0.0001
314,0.9337671131719064,0.1088913907,0.9515238613,0.06045791072,154.281,7.32,220,10,1e-05
315,0.955344325649146,0.07258113437,0.8539855343,0.2432056143,158.893,7.176,225,10,0.1
316,0.9386129723794292,0.1007723245,0.8815723945,0.1935214188,158.19,7.086,225,10,0.001
317,0.9449042724714892,0.09622392777,0.8768070667,0.2022166726,149.822,6.848,225,10,0.0031622776601680004
318,0.9475473134569952,0.09046346066,0.870862257,0.2129980461,157.0,6.746,225,10,0.01
319,0.9476344244556538,0.08175802673,0.865285444,0.223045352,156.075,6.767,225,10,0.031622776601683
320,0.932867465960213,0.1071728858,0.9007710619,0.1580123443,153.642,6.813,225,10,0.0001
321,0.9412144409699296,0.1064919956,0.9445220813,0.07423426138,148.785,6.731,225,10,1e-05
322,0.9575457975381362,0.0710245752,0.8540717781,0.2430527495,164.872,7.299,230,10,0.1
323,0.9473205475101896,0.1036106704,0.8791067277,0.1980263843,161.87,7.171,230,10,0.001
324,0.9459489728029872,0.09868022139,0.8757156173,0.2042015977,165.274,7.0,230,10,0.0031622776601680004
325,0.9520869190354102,0.09172333122,0.8708548426,0.2130114468,171.68,7.047,230,10,0.01
326,0.9495300804744836,0.08118296172,0.8652243163,0.2231551233,169.645,6.886,230,10,0.031622776601683
327,0.941155711099536,0.1119197325,0.8978251717,0.1635106276,167.692,6.877,230,10,0.0001
328,0.9319059755041064,0.1119763104,0.9446488856,0.07398567231,167.944,6.662,230,10,1e-05
329,0.956760284522768,0.07187173967,0.8539729358,0.2432279435,170.193,6.942,235,10,0.1
330,0.9441058100806896,0.1045263263,0.8800162071,0.1963661633,176.226,6.806,235,10,0.001
331,0.944791743470325,0.09874181122,0.876674562,0.2024577793,171.727,6.784,235,10,0.0031622776601680004
332,0.9509173628766882,0.09220201545,0.8708350527,0.2130472145,166.591,7.035,235,10,0.01
333,0.9491816979754306,0.08253497052,0.8651471085,0.2232937597,170.302,6.815,235,10,0.031622776601683
334,0.9422211982268908,0.1076392086,0.8997784168,0.1598670539,171.443,7.057,235,10,0.0001
335,0.9402344735606816,0.1108531023,0.94663844,0.0700809496,174.41,6.758,235,10,1e-05
